{"stats":{"minecraft:crafted":{"minecraft:oak_planks":136,"minecraft:furnace":2,"minecraft:bow":2,"minecraft:iron_boots":3,"minecraft:iron_axe":2,"minecraft:stone_pickaxe":1,"minecraft:chest":7,"minecraft:wheat":360,"minecraft:crafting_table":1,"minecraft:spruce_planks":12,"minecraft:wooden_pickaxe":1,"minecraft:iron_helmet":2,"minecraft:iron_sword":2,"minecraft:bucket":1,"minecraft:stone_axe":1,"minecraft:bread":120,"minecraft:air":0,"minecraft:iron_chestplate":1,"minecraft:shield":1,"minecraft:stick":32,"minecraft:iron_ingot":51,"minecraft:iron_pickaxe":3,"minecraft:wooden_axe":1,"minecraft:stone_sword":1,"minecraft:iron_leggings":2,"minecraft:white_bed":2},"minecraft:picked_up":{"minecraft:iron_chestplate":3,"minecraft:crafting_table":3,"minecraft:ominous_bottle":1,"minecraft:chicken":1,"minecraft:lead":3,"minecraft:potion":14,"minecraft:enchanted_book":8,"minecraft:shield":2,"minecraft:brick":64,"minecraft:wind_charge":1,"minecraft:music_disc_cat":2,"minecraft:string":37,"minecraft:iron_axe":3,"minecraft:compass":5,"minecraft:diamond_leggings":1,"minecraft:cobbled_deepslate":28,"minecraft:bucket":4,"minecraft:spruce_planks":15,"minecraft:echo_shard":3,"minecraft:trial_key":5,"minecraft:white_tulip":1,"minecraft:poppy":2,"minecraft:iron_pickaxe":2,"minecraft:enchanted_golden_apple":3,"minecraft:guster_pottery_sherd":2,"minecraft:chest":3,"minecraft:diamond_hoe":1,"minecraft:iron_boots":3,"minecraft:furnace":5,"minecraft:tipped_arrow":10,"minecraft:stick":10,"minecraft:raw_iron":78,"minecraft:torch":5,"minecraft:porkchop":6,"minecraft:diorite":11,"minecraft:stone_sword":1,"minecraft:arrow":57,"minecraft:honey_bottle":3,"minecraft:rotten_flesh":17,"minecraft:hay_block":40,"minecraft:saddle":1,"minecraft:tuff_bricks":1,"minecraft:mutton":11,"minecraft:cobblestone":110,"minecraft:white_wool":10,"minecraft:oxeye_daisy":1,"minecraft:feather":2,"minecraft:water_bucket":3,"minecraft:leather":2,"minecraft:oak_log":36,"minecraft:waxed_copper_block":2,"minecraft:silence_armor_trim_smithing_template":1,"minecraft:lapis_lazuli":4,"minecraft:dirt":27,"minecraft:disc_fragment_5":4,"minecraft:bone":27,"minecraft:bow":3,"minecraft:raw_gold":3,"minecraft:grindstone":1,"minecraft:iron_ingot":21,"minecraft:stone_pickaxe":1,"minecraft:cooked_chicken":2,"minecraft:bolt_armor_trim_smithing_template":1,"minecraft:scrape_pottery_sherd":1,"minecraft:oak_planks":26,"minecraft:book":3,"minecraft:sculk_catalyst":1,"minecraft:emerald_block":1,"minecraft:music_disc_13":2,"minecraft:sculk":36,"minecraft:gravel":1,"minecraft:amethyst_shard":21,"minecraft:white_bed":3,"minecraft:spruce_log":3,"minecraft:diamond_block":1,"minecraft:polished_tuff":2,"minecraft:spider_eye":3,"minecraft:slime_ball":36,"minecraft:diamond":78,"minecraft:spruce_boat":2,"minecraft:stone_axe":1,"minecraft:breeze_rod":4,"minecraft:diamond_axe":1,"minecraft:gray_wool":82,"minecraft:emerald":39,"minecraft:bread":114,"minecraft:music_disc_precipice":1,"minecraft:oak_sapling":7,"minecraft:coal":103},"minecraft:custom":{"minecraft:mob_kills":120,"minecraft:interact_with_crafting_table":20,"minecraft:open_barrel":7,"minecraft:leave_game":8,"minecraft:time_since_death":72805,"minecraft:climb_one_cm":5602,"minecraft:sprint_one_cm":453351,"minecraft:walk_one_cm":246702,"minecraft:damage_blocked_by_shield":2198,"minecraft:drop":36,"minecraft:talked_to_villager":1,"minecraft:play_time":182416,"minecraft:deaths":3,"minecraft:sneak_time":29469,"minecraft:walk_under_water_one_cm":16301,"minecraft:boat_one_cm":2702,"minecraft:jump":3723,"minecraft:walk_on_water_one_cm":31572,"minecraft:total_world_time":182598,"minecraft:interact_with_furnace":45,"minecraft:sleep_in_bed":3,"minecraft:time_since_rest":37886,"minecraft:damage_taken":4307,"minecraft:damage_dealt":14613,"minecraft:swim_one_cm":53055,"minecraft:fly_one_cm":670016,"minecraft:open_chest":110,"minecraft:crouch_one_cm":118157,"minecraft:fall_one_cm":127683,"minecraft:inspect_dispenser":11},"minecraft:broken":{"minecraft:wooden_axe":1},"minecraft:mined":{"minecraft:spruce_planks":6,"minecraft:white_bed":1,"minecraft:deepslate_diamond_ore":25,"minecraft:sculk_vein":5,"minecraft:potted_dead_bush":1,"minecraft:grass_block":5,"minecraft:decorated_pot":30,"minecraft:moss_block":1,"minecraft:tuff_bricks":1,"minecraft:hay_block":40,"minecraft:furnace":4,"minecraft:iron_ore":77,"minecraft:fire":3,"minecraft:polished_tuff":1,"minecraft:stone":81,"minecraft:powder_snow":41,"minecraft:crafting_table":3,"minecraft:short_grass":11,"minecraft:emerald_ore":2,"minecraft:chest":2,"minecraft:sculk_sensor":4,"minecraft:tall_grass":5,"minecraft:cobblestone":2,"minecraft:grindstone":1,"minecraft:sculk":6,"minecraft:diorite":11,"minecraft:gray_wool":65,"minecraft:ice":1,"minecraft:waxed_copper_block":1,"minecraft:oak_log":20,"minecraft:coal_ore":17,"minecraft:flower_pot":1,"minecraft:dirt":11,"minecraft:cobweb":7,"minecraft:oak_leaves":1,"minecraft:deepslate":17},"minecraft:killed":{"minecraft:spider":30,"minecraft:slime":39,"minecraft:skeleton":12,"minecraft:horse":1,"minecraft:pig":2,"minecraft:iron_golem":1,"minecraft:sheep":10,"minecraft:zombie":13,"minecraft:stray":6,"minecraft:breeze":3},"minecraft:used":{"minecraft:stone_sword":117,"minecraft:flint_and_steel":14,"minecraft:diamond_hoe":1,"minecraft:chest":8,"minecraft:spruce_planks":15,"minecraft:shield":107,"minecraft:iron_sword":217,"minecraft:trial_key":5,"minecraft:torch":2,"minecraft:wooden_axe":30,"minecraft:iron_boots":1,"minecraft:oak_sapling":9,"minecraft:furnace":6,"minecraft:water_bucket":15,"minecraft:stone_pickaxe":17,"minecraft:oak_planks":6,"minecraft:wooden_pickaxe":16,"minecraft:white_wool":4,"minecraft:crafting_table":4,"minecraft:white_bed":5,"minecraft:oxeye_daisy":1,"minecraft:bread":75,"minecraft:iron_pickaxe":218,"minecraft:stone_axe":48,"minecraft:cobblestone":29,"minecraft:bucket":16,"minecraft:gray_wool":73},"minecraft:dropped":{"minecraft:guster_pottery_sherd":2,"minecraft:water_bucket":1,"minecraft:enchanted_book":2,"minecraft:bread":112,"minecraft:diamond":23,"minecraft:iron_helmet":1,"minecraft:polished_tuff":2,"minecraft:stick":7,"minecraft:dirt":20,"minecraft:scrape_pottery_sherd":1,"minecraft:iron_leggings":1,"minecraft:iron_pickaxe":1,"minecraft:bucket":3,"minecraft:bone":3,"minecraft:furnace":1,"minecraft:oak_planks":24,"minecraft:iron_boots":1,"minecraft:waxed_copper_block":1,"minecraft:tipped_arrow":6,"minecraft:bow":1,"minecraft:brick":64},"minecraft:killed_by":{"minecraft:skeleton":1,"minecraft:zombie":1}},"DataVersion":3953}