{"stats":{"minecraft:broken":{"minecraft:iron_shovel":2,"minecraft:iron_chestplate":1,"minecraft:iron_boots":1,"minecraft:golden_shovel":1,"minecraft:iron_leggings":1,"minecraft:iron_sword":1,"minecraft:wooden_axe":1,"minecraft:iron_axe":2,"minecraft:iron_pickaxe":1,"minecraft:iron_helmet":1},"minecraft:killed":{"minecraft:cave_spider":1,"minecraft:witch":1,"minecraft:spider":39,"minecraft:skeleton":38,"minecraft:fox":1,"minecraft:pig":3,"minecraft:salmon":1,"minecraft:iron_golem":2,"minecraft:creeper":4,"minecraft:sheep":10,"minecraft:zombie":58,"minecraft:donkey":1,"minecraft:stray":6,"minecraft:cow":1,"minecraft:slime":39,"minecraft:horse":1,"minecraft:drowned":1,"minecraft:squid":23,"minecraft:breeze":3,"minecraft:villager":5},"minecraft:killed_by":{"minecraft:creeper":2,"minecraft:drowned":2,"minecraft:zombie":7,"minecraft:player":1,"minecraft:enderman":1,"minecraft:iron_golem":1,"minecraft:skeleton":8,"minecraft:phantom":1},"minecraft:used":{"minecraft:iron_shovel":780,"minecraft:spruce_slab":3,"minecraft:diamond_hoe":87,"minecraft:chest":36,"minecraft:shield":257,"minecraft:iron_sword":629,"minecraft:iron_chestplate":4,"minecraft:carrot":71,"minecraft:tuff":1,"minecraft:spruce_boat":1,"minecraft:waxed_oxidized_copper":1,"minecraft:lava_bucket":7,"minecraft:grass_block":135,"minecraft:iron_helmet":2,"minecraft:bow":81,"minecraft:furnace":13,"minecraft:oak_sapling":9,"minecraft:gold_block":1,"minecraft:egg":7,"minecraft:diorite":4,"minecraft:stone_pickaxe":17,"minecraft:oak_planks":6,"minecraft:wooden_pickaxe":16,"minecraft:composter":11,"minecraft:diamond_axe":13,"minecraft:white_wool":4,"minecraft:sand":10,"minecraft:black_bed":3,"minecraft:shears":3,"minecraft:polished_tuff":1,"minecraft:bread":149,"minecraft:gravel":54,"minecraft:oak_boat":2,"minecraft:bone_meal":90,"minecraft:stone_sword":117,"minecraft:flint_and_steel":14,"minecraft:spruce_planks":17,"minecraft:cooked_salmon":35,"minecraft:stone_hoe":2,"minecraft:cooked_chicken":2,"minecraft:trial_key":6,"minecraft:torch":134,"minecraft:dirt":397,"minecraft:white_carpet":2,"minecraft:golden_shovel":20,"minecraft:spruce_fence":18,"minecraft:wooden_axe":30,"minecraft:iron_axe":716,"minecraft:iron_boots":5,"minecraft:golden_carrot":6,"minecraft:cobbled_deepslate":39,"minecraft:iron_leggings":2,"minecraft:pointed_dripstone":5,"minecraft:wheat_seeds":3,"minecraft:water_bucket":71,"minecraft:baked_potato":7,"minecraft:cauldron":3,"minecraft:stonecutter":2,"minecraft:fletching_table":2,"minecraft:crafting_table":12,"minecraft:white_bed":5,"minecraft:spruce_log":41,"minecraft:black_wool":1,"minecraft:oxeye_daisy":1,"minecraft:suspicious_stew":9,"minecraft:iron_pickaxe":671,"minecraft:spruce_trapdoor":8,"minecraft:spruce_sapling":42,"minecraft:stone_axe":50,"minecraft:cobblestone":57,"minecraft:potion":1,"minecraft:porkchop":1,"minecraft:bucket":80,"minecraft:pumpkin_pie":13,"minecraft:yellow_bed":1,"minecraft:gray_wool":73,"minecraft:dandelion":1,"minecraft:jukebox":1,"minecraft:smooth_stone":2},"minecraft:mined":{"minecraft:spruce_planks":8,"minecraft:white_bed":1,"minecraft:farmland":3,"minecraft:sculk_vein":5,"minecraft:spruce_trapdoor":8,"minecraft:potted_dead_bush":1,"minecraft:granite":64,"minecraft:grass_block":213,"minecraft:composter":10,"minecraft:tuff_bricks":3,"minecraft:spawner":1,"minecraft:smooth_stone":2,"minecraft:tall_seagrass":2,"minecraft:fire":3,"minecraft:iron_ore":83,"minecraft:cobbled_deepslate":3,"minecraft:polished_tuff":2,"minecraft:fletching_table":2,"minecraft:pointed_dripstone":1,"minecraft:dirt_path":20,"minecraft:spruce_slab":2,"minecraft:smoker":1,"minecraft:powder_snow":41,"minecraft:clay":123,"minecraft:torch":73,"minecraft:blast_furnace":1,"minecraft:poppy":7,"minecraft:chest":9,"minecraft:cobblestone":25,"minecraft:grindstone":1,"minecraft:wall_torch":14,"minecraft:cauldron":3,"minecraft:seagrass":3,"minecraft:wheat":60,"minecraft:waxed_copper_block":1,"minecraft:black_bed":2,"minecraft:oak_log":23,"minecraft:beetroots":5,"minecraft:waxed_oxidized_copper":1,"minecraft:sand":228,"minecraft:dirt":61,"minecraft:oak_leaves":1,"minecraft:deepslate":56,"minecraft:diamond_ore":2,"minecraft:tuff":2,"minecraft:deepslate_diamond_ore":129,"minecraft:decorated_pot":33,"minecraft:spruce_fence":4,"minecraft:spruce_leaves":96,"minecraft:moss_block":1,"minecraft:large_fern":3,"minecraft:hay_block":117,"minecraft:furnace":9,"minecraft:carrots":78,"minecraft:gold_block":1,"minecraft:potatoes":12,"minecraft:packed_ice":1,"minecraft:stone":184,"minecraft:dandelion":1,"minecraft:crafting_table":7,"minecraft:short_grass":37,"minecraft:emerald_ore":2,"minecraft:sculk_sensor":4,"minecraft:tall_grass":14,"minecraft:sculk":6,"minecraft:diorite":79,"minecraft:gray_wool":65,"minecraft:sweet_berry_bush":9,"minecraft:ice":1,"minecraft:white_carpet":1,"minecraft:spruce_log":631,"minecraft:birch_leaves":1,"minecraft:yellow_bed":1,"minecraft:black_wool":1,"minecraft:coal_ore":17,"minecraft:gravel":449,"minecraft:flower_pot":1,"minecraft:cobweb":80,"minecraft:deepslate_emerald_ore":2,"minecraft:fern":7},"minecraft:dropped":{"minecraft:guster_pottery_sherd":2,"minecraft:iron_sword":1,"minecraft:brown_mushroom":2,"minecraft:glass_bottle":1,"minecraft:diamond":31,"minecraft:cookie":234,"minecraft:silence_armor_trim_smithing_template":1,"minecraft:spruce_leaves":3,"minecraft:dirt":25,"minecraft:scrape_pottery_sherd":1,"minecraft:wooden_sword":1,"minecraft:pumpkin_pie":24,"minecraft:amethyst_shard":22,"minecraft:iron_pickaxe":1,"minecraft:bone":4,"minecraft:music_disc_otherside":1,"minecraft:wheat":2,"minecraft:beetroot":2,"minecraft:rotten_flesh":21,"minecraft:oak_planks":24,"minecraft:enchanted_golden_apple":1,"minecraft:fern":6,"minecraft:salmon":1,"minecraft:waxed_copper_block":1,"minecraft:poppy":16,"minecraft:tipped_arrow":6,"minecraft:gunpowder":2,"minecraft:beetroot_seeds":4,"minecraft:egg":1,"minecraft:enchanted_book":4,"minecraft:water_bucket":1,"minecraft:bread":152,"minecraft:wheat_seeds":58,"minecraft:diamond_leggings":1,"minecraft:feather":1,"minecraft:cobblestone":28,"minecraft:iron_helmet":1,"minecraft:polished_tuff":2,"minecraft:apple":81,"minecraft:stick":154,"minecraft:diorite":1,"minecraft:golden_carrot":3,"minecraft:sculk_catalyst":1,"minecraft:cooked_salmon":29,"minecraft:potion":1,"minecraft:iron_leggings":1,"minecraft:bucket":11,"minecraft:spruce_sapling":13,"minecraft:furnace":1,"minecraft:tuff_bricks":6,"minecraft:sweet_berries":14,"minecraft:bowl":9,"minecraft:diamond_hoe":2,"minecraft:clay_ball":64,"minecraft:iron_boots":1,"minecraft:suspicious_stew":1,"minecraft:spruce_planks":272,"minecraft:spider_eye":4,"minecraft:bow":1,"minecraft:brick":128},"minecraft:crafted":{"minecraft:brick":64,"minecraft:black_dye":99,"minecraft:smooth_stone":3,"minecraft:oak_planks":148,"minecraft:stone":119,"minecraft:gray_wool":25,"minecraft:suspicious_stew":10,"minecraft:iron_bars":16,"minecraft:bow":2,"minecraft:iron_boots":3,"minecraft:chest":20,"minecraft:stone_hoe":1,"minecraft:stone_bricks":1,"minecraft:oak_slab":18,"minecraft:emerald":49,"minecraft:cauldron":2,"minecraft:crafting_table":6,"minecraft:spruce_planks":884,"minecraft:wooden_pickaxe":1,"minecraft:iron_helmet":2,"minecraft:campfire":34,"minecraft:apple":80,"minecraft:stone_brick_stairs":1,"minecraft:spruce_trapdoor":8,"minecraft:iron_chestplate":1,"minecraft:shield":2,"minecraft:stick":264,"minecraft:iron_ingot":51,"minecraft:iron_pickaxe":5,"minecraft:stone_sword":1,"minecraft:black_bed":1,"minecraft:composter":1,"minecraft:spruce_fence_gate":23,"minecraft:shears":1,"minecraft:golden_carrot":6,"minecraft:cookie":270,"minecraft:jukebox":1,"minecraft:furnace":3,"minecraft:stone_button":3,"minecraft:gray_dye":36,"minecraft:bone_meal":141,"minecraft:spruce_fence":147,"minecraft:white_carpet":3,"minecraft:diamond":9,"minecraft:spruce_stairs":124,"minecraft:white_concrete_powder":200,"minecraft:black_concrete_powder":640,"minecraft:iron_axe":2,"minecraft:spruce_slab":132,"minecraft:stone_pickaxe":1,"minecraft:wheat":1053,"minecraft:iron_sword":3,"minecraft:cooked_salmon":64,"minecraft:polished_granite":8,"minecraft:bucket":2,"minecraft:stone_axe":1,"minecraft:bread":245,"minecraft:air":0,"minecraft:oak_boat":2,"minecraft:white_wool":2,"minecraft:white_dye":51,"minecraft:wooden_axe":1,"minecraft:iron_shovel":4,"minecraft:iron_leggings":2,"minecraft:stonecutter":2,"minecraft:white_bed":2,"minecraft:pumpkin_pie":48,"minecraft:torch":136},"minecraft:custom":{"minecraft:animals_bred":3,"minecraft:interact_with_crafting_table":105,"minecraft:open_barrel":11,"minecraft:leave_game":30,"minecraft:time_since_death":140368,"minecraft:sprint_one_cm":1879448,"minecraft:damage_blocked_by_shield":6488,"minecraft:drop":131,"minecraft:talked_to_villager":49,"minecraft:play_time":1112235,"minecraft:deaths":33,"minecraft:jump":14786,"minecraft:walk_on_water_one_cm":129656,"minecraft:interact_with_furnace":161,"minecraft:play_record":1,"minecraft:traded_with_villager":107,"minecraft:sleep_in_bed":12,"minecraft:damage_dealt":35824,"minecraft:crouch_one_cm":189080,"minecraft:interact_with_smoker":2,"minecraft:use_cauldron":3,"minecraft:inspect_dispenser":12,"minecraft:mob_kills":247,"minecraft:climb_one_cm":7505,"minecraft:walk_one_cm":1137013,"minecraft:sneak_time":52688,"minecraft:walk_under_water_one_cm":104089,"minecraft:boat_one_cm":9687,"minecraft:total_world_time":1112417,"minecraft:interact_with_stonecutter":8,"minecraft:time_since_rest":35846,"minecraft:damage_taken":19765,"minecraft:swim_one_cm":383106,"minecraft:fly_one_cm":2799591,"minecraft:open_chest":660,"minecraft:fall_one_cm":535812},"minecraft:picked_up":{"minecraft:iron_chestplate":26,"minecraft:wheat":10,"minecraft:lead":6,"minecraft:potion":47,"minecraft:enchanted_book":49,"minecraft:golden_shovel":2,"minecraft:music_disc_cat":4,"minecraft:string":676,"minecraft:cooked_salmon":60,"minecraft:iron_leggings":15,"minecraft:experience_bottle":8,"minecraft:beetroot":2,"minecraft:diamond_leggings":5,"minecraft:smooth_stone":3,"minecraft:cobbled_deepslate":97,"minecraft:bucket":18,"minecraft:spruce_planks":793,"minecraft:trial_key":6,"minecraft:white_tulip":1,"minecraft:iron_pickaxe":37,"minecraft:enchanted_golden_apple":6,"minecraft:iron_boots":21,"minecraft:furnace":19,"minecraft:tipped_arrow":46,"minecraft:golden_helmet":3,"minecraft:stick":872,"minecraft:composter":11,"minecraft:torch":644,"minecraft:porkchop":82,"minecraft:pointed_dripstone":8,"minecraft:diorite":273,"minecraft:cauldron":3,"minecraft:black_dye":152,"minecraft:stone_sword":1,"minecraft:honey_bottle":34,"minecraft:rotten_flesh":306,"minecraft:cobblestone":1012,"minecraft:feather":3,"minecraft:water_bucket":20,"minecraft:andesite":3,"minecraft:black_bed":4,"minecraft:smoker":1,"minecraft:potato":7,"minecraft:flint":104,"minecraft:tuff":5,"minecraft:silence_armor_trim_smithing_template":5,"minecraft:lapis_lazuli":68,"minecraft:dirt":464,"minecraft:disc_fragment_5":8,"minecraft:bone":102,"minecraft:bow":26,"minecraft:wheat_seeds":90,"minecraft:raw_gold":6,"minecraft:grindstone":1,"minecraft:bolt_armor_trim_smithing_template":8,"minecraft:guster_banner_pattern":1,"minecraft:fletching_table":2,"minecraft:diamond_helmet":1,"minecraft:scrape_pottery_sherd":1,"minecraft:stone_hoe":5,"minecraft:oak_planks":27,"minecraft:music_disc_13":2,"minecraft:sand":364,"minecraft:ink_sac":107,"minecraft:grass_block":16,"minecraft:diamond_block":1,"minecraft:black_concrete_powder":2202,"minecraft:diamond":521,"minecraft:spruce_boat":3,"minecraft:breeze_rod":12,"minecraft:crossbow":1,"minecraft:granite":256,"minecraft:golden_apple":2,"minecraft:emerald":154,"minecraft:bread":337,"minecraft:music_disc_precipice":1,"minecraft:oak_sapling":7,"minecraft:spruce_leaves":3,"minecraft:crafting_table":11,"minecraft:chicken":3,"minecraft:ominous_bottle":2,"minecraft:clay_ball":2416,"minecraft:brown_mushroom":2,"minecraft:gold_block":11,"minecraft:brick":160,"minecraft:shield":23,"minecraft:wind_charge":19,"minecraft:iron_axe":19,"minecraft:wooden_sword":3,"minecraft:compass":23,"minecraft:white_carpet":3,"minecraft:iron_shovel":11,"minecraft:beef":10,"minecraft:music_disc_otherside":3,"minecraft:echo_shard":12,"minecraft:iron_nugget":44,"minecraft:poppy":37,"minecraft:spruce_slab":12,"minecraft:guster_pottery_sherd":2,"minecraft:chest":13,"minecraft:spruce_trapdoor":12,"minecraft:waxed_oxidized_copper":1,"minecraft:diamond_hoe":17,"minecraft:egg":19,"minecraft:raw_iron":108,"minecraft:stone":35,"minecraft:bowl":23,"minecraft:spruce_fence":128,"minecraft:gray_dye":1,"minecraft:fire_charge":2,"minecraft:white_dye":19,"minecraft:flow_pottery_sherd":1,"minecraft:cookie":262,"minecraft:carrot":509,"minecraft:redstone":36,"minecraft:arrow":531,"minecraft:diamond_chestplate":4,"minecraft:beetroot_seeds":4,"minecraft:pumpkin_pie":180,"minecraft:diamond_boots":3,"minecraft:hay_block":173,"minecraft:saddle":1,"minecraft:tuff_bricks":9,"minecraft:mutton":36,"minecraft:white_wool":12,"minecraft:oxeye_daisy":1,"minecraft:golden_carrot":3,"minecraft:salmon":1,"minecraft:leather":6,"minecraft:fern":6,"minecraft:oak_log":39,"minecraft:waxed_copper_block":3,"minecraft:yellow_bed":1,"minecraft:gunpowder":15,"minecraft:paper":44,"minecraft:stone_bricks":48,"minecraft:apple":180,"minecraft:stone_pickaxe":1,"minecraft:iron_ingot":431,"minecraft:cooked_chicken":10,"minecraft:iron_sword":25,"minecraft:book":124,"minecraft:sculk_catalyst":3,"minecraft:oak_slab":11,"minecraft:emerald_block":1,"minecraft:sweet_berries":52,"minecraft:sculk":88,"minecraft:dandelion":2,"minecraft:gravel":755,"minecraft:lava_bucket":11,"minecraft:amethyst_shard":87,"minecraft:spruce_sapling":87,"minecraft:blast_furnace":6,"minecraft:white_bed":3,"minecraft:spruce_log":1463,"minecraft:polished_tuff":3,"minecraft:spider_eye":25,"minecraft:slime_ball":80,"minecraft:stone_axe":4,"minecraft:iron_helmet":16,"minecraft:diamond_axe":5,"minecraft:gray_wool":105,"minecraft:baked_potato":10,"minecraft:black_wool":67,"minecraft:coal":353}},"DataVersion":3953}