{"stats":{"minecraft:crafted":{"minecraft:cookie":270,"minecraft:oak_planks":148,"minecraft:jukebox":1,"minecraft:furnace":2,"minecraft:bone_meal":84,"minecraft:suspicious_stew":10,"minecraft:diamond":9,"minecraft:bow":2,"minecraft:iron_boots":3,"minecraft:iron_axe":2,"minecraft:stone_pickaxe":1,"minecraft:chest":7,"minecraft:wheat":981,"minecraft:oak_slab":18,"minecraft:emerald":49,"minecraft:crafting_table":2,"minecraft:spruce_planks":12,"minecraft:wooden_pickaxe":1,"minecraft:iron_helmet":2,"minecraft:iron_sword":2,"minecraft:bucket":1,"minecraft:stone_axe":1,"minecraft:bread":222,"minecraft:air":0,"minecraft:oak_boat":2,"minecraft:apple":80,"minecraft:iron_chestplate":1,"minecraft:shield":1,"minecraft:stick":68,"minecraft:iron_ingot":51,"minecraft:iron_pickaxe":3,"minecraft:wooden_axe":1,"minecraft:stone_sword":1,"minecraft:iron_leggings":2,"minecraft:white_bed":2,"minecraft:pumpkin_pie":48,"minecraft:composter":1,"minecraft:golden_carrot":6},"minecraft:picked_up":{"minecraft:iron_chestplate":7,"minecraft:crafting_table":3,"minecraft:wheat":1,"minecraft:ominous_bottle":1,"minecraft:chicken":1,"minecraft:lead":4,"minecraft:gold_block":5,"minecraft:potion":27,"minecraft:enchanted_book":25,"minecraft:golden_shovel":1,"minecraft:shield":5,"minecraft:brick":72,"minecraft:wind_charge":3,"minecraft:music_disc_cat":3,"minecraft:string":155,"minecraft:iron_axe":3,"minecraft:iron_leggings":3,"minecraft:compass":13,"minecraft:experience_bottle":2,"minecraft:beetroot":2,"minecraft:diamond_leggings":3,"minecraft:cobbled_deepslate":37,"minecraft:bucket":5,"minecraft:music_disc_otherside":3,"minecraft:spruce_planks":15,"minecraft:beef":4,"minecraft:echo_shard":6,"minecraft:trial_key":6,"minecraft:white_tulip":1,"minecraft:iron_nugget":44,"minecraft:poppy":2,"minecraft:iron_pickaxe":6,"minecraft:enchanted_golden_apple":5,"minecraft:guster_pottery_sherd":2,"minecraft:chest":4,"minecraft:egg":9,"minecraft:waxed_oxidized_copper":1,"minecraft:diamond_hoe":8,"minecraft:iron_boots":7,"minecraft:furnace":9,"minecraft:tipped_arrow":10,"minecraft:stick":109,"minecraft:raw_iron":78,"minecraft:composter":10,"minecraft:torch":5,"minecraft:bowl":21,"minecraft:porkchop":30,"minecraft:cookie":72,"minecraft:diorite":11,"minecraft:carrot":439,"minecraft:diamond_chestplate":1,"minecraft:stone_sword":1,"minecraft:arrow":228,"minecraft:honey_bottle":12,"minecraft:rotten_flesh":21,"minecraft:beetroot_seeds":4,"minecraft:pumpkin_pie":60,"minecraft:diamond_boots":1,"minecraft:hay_block":125,"minecraft:saddle":1,"minecraft:tuff_bricks":3,"minecraft:mutton":22,"minecraft:cobblestone":171,"minecraft:white_wool":10,"minecraft:oxeye_daisy":1,"minecraft:feather":2,"minecraft:golden_carrot":3,"minecraft:water_bucket":8,"minecraft:leather":4,"minecraft:potato":7,"minecraft:gunpowder":6,"minecraft:oak_log":39,"minecraft:waxed_copper_block":2,"minecraft:yellow_bed":1,"minecraft:silence_armor_trim_smithing_template":3,"minecraft:lapis_lazuli":8,"minecraft:dirt":57,"minecraft:paper":12,"minecraft:disc_fragment_5":8,"minecraft:bone":48,"minecraft:apple":28,"minecraft:bow":6,"minecraft:wheat_seeds":50,"minecraft:raw_gold":6,"minecraft:grindstone":1,"minecraft:iron_ingot":37,"minecraft:stone_pickaxe":1,"minecraft:cooked_chicken":2,"minecraft:bolt_armor_trim_smithing_template":4,"minecraft:fletching_table":2,"minecraft:diamond_helmet":1,"minecraft:iron_sword":6,"minecraft:scrape_pottery_sherd":1,"minecraft:oak_planks":26,"minecraft:book":47,"minecraft:sculk_catalyst":3,"minecraft:sweet_berries":2,"minecraft:emerald_block":1,"minecraft:music_disc_13":2,"minecraft:sculk":62,"minecraft:dandelion":2,"minecraft:gravel":1,"minecraft:amethyst_shard":65,"minecraft:blast_furnace":2,"minecraft:grass_block":14,"minecraft:white_bed":3,"minecraft:spruce_log":3,"minecraft:diamond_block":1,"minecraft:polished_tuff":3,"minecraft:spider_eye":15,"minecraft:slime_ball":36,"minecraft:diamond":94,"minecraft:spruce_boat":2,"minecraft:stone_axe":1,"minecraft:iron_helmet":3,"minecraft:crossbow":1,"minecraft:breeze_rod":4,"minecraft:diamond_axe":1,"minecraft:gray_wool":82,"minecraft:emerald":44,"minecraft:bread":239,"minecraft:music_disc_precipice":1,"minecraft:oak_sapling":7,"minecraft:coal":103},"minecraft:custom":{"minecraft:mob_kills":137,"minecraft:interact_with_crafting_table":28,"minecraft:open_barrel":11,"minecraft:leave_game":8,"minecraft:time_since_death":1097,"minecraft:climb_one_cm":7505,"minecraft:sprint_one_cm":769620,"minecraft:walk_one_cm":413800,"minecraft:damage_blocked_by_shield":2739,"minecraft:drop":78,"minecraft:talked_to_villager":48,"minecraft:play_time":296416,"minecraft:deaths":7,"minecraft:sneak_time":29903,"minecraft:walk_under_water_one_cm":38911,"minecraft:boat_one_cm":9687,"minecraft:jump":5664,"minecraft:walk_on_water_one_cm":35712,"minecraft:total_world_time":296598,"minecraft:interact_with_furnace":46,"minecraft:play_record":1,"minecraft:traded_with_villager":107,"minecraft:sleep_in_bed":8,"minecraft:time_since_rest":1126,"minecraft:damage_taken":6617,"minecraft:damage_dealt":17688,"minecraft:swim_one_cm":55526,"minecraft:fly_one_cm":1077794,"minecraft:open_chest":198,"minecraft:crouch_one_cm":119167,"minecraft:fall_one_cm":207764,"minecraft:inspect_dispenser":12},"minecraft:broken":{"minecraft:golden_shovel":1,"minecraft:wooden_axe":1},"minecraft:mined":{"minecraft:spruce_planks":6,"minecraft:white_bed":1,"minecraft:deepslate_diamond_ore":25,"minecraft:sculk_vein":5,"minecraft:potted_dead_bush":1,"minecraft:grass_block":22,"minecraft:decorated_pot":33,"minecraft:composter":10,"minecraft:moss_block":1,"minecraft:tuff_bricks":3,"minecraft:hay_block":117,"minecraft:furnace":4,"minecraft:carrots":78,"minecraft:iron_ore":77,"minecraft:fire":3,"minecraft:polished_tuff":2,"minecraft:fletching_table":2,"minecraft:gold_block":1,"minecraft:potatoes":12,"minecraft:packed_ice":1,"minecraft:stone":88,"minecraft:dandelion":1,"minecraft:powder_snow":41,"minecraft:crafting_table":3,"minecraft:short_grass":27,"minecraft:blast_furnace":1,"minecraft:emerald_ore":2,"minecraft:chest":2,"minecraft:sculk_sensor":4,"minecraft:tall_grass":14,"minecraft:cobblestone":2,"minecraft:grindstone":1,"minecraft:sculk":6,"minecraft:diorite":11,"minecraft:gray_wool":65,"minecraft:wheat":54,"minecraft:ice":1,"minecraft:waxed_copper_block":1,"minecraft:yellow_bed":1,"minecraft:oak_log":23,"minecraft:coal_ore":17,"minecraft:beetroots":5,"minecraft:waxed_oxidized_copper":1,"minecraft:flower_pot":1,"minecraft:dirt":20,"minecraft:cobweb":7,"minecraft:oak_leaves":1,"minecraft:deepslate":17},"minecraft:killed":{"minecraft:spider":32,"minecraft:slime":39,"minecraft:skeleton":13,"minecraft:horse":1,"minecraft:pig":2,"minecraft:iron_golem":2,"minecraft:creeper":1,"minecraft:sheep":10,"minecraft:zombie":18,"minecraft:stray":6,"minecraft:breeze":3,"minecraft:villager":5,"minecraft:cow":1},"minecraft:used":{"minecraft:stone_sword":117,"minecraft:flint_and_steel":14,"minecraft:diamond_hoe":87,"minecraft:chest":9,"minecraft:spruce_planks":15,"minecraft:shield":108,"minecraft:iron_sword":277,"minecraft:cooked_chicken":2,"minecraft:trial_key":6,"minecraft:iron_chestplate":1,"minecraft:torch":2,"minecraft:dirt":28,"minecraft:carrot":71,"minecraft:golden_shovel":20,"minecraft:spruce_boat":1,"minecraft:waxed_oxidized_copper":1,"minecraft:wooden_axe":30,"minecraft:grass_block":14,"minecraft:iron_boots":2,"minecraft:golden_carrot":6,"minecraft:bow":36,"minecraft:oak_sapling":9,"minecraft:furnace":11,"minecraft:gold_block":1,"minecraft:egg":4,"minecraft:water_bucket":56,"minecraft:stone_pickaxe":17,"minecraft:baked_potato":6,"minecraft:oak_planks":6,"minecraft:wooden_pickaxe":16,"minecraft:composter":11,"minecraft:fletching_table":2,"minecraft:white_wool":4,"minecraft:crafting_table":5,"minecraft:white_bed":5,"minecraft:polished_tuff":1,"minecraft:oxeye_daisy":1,"minecraft:bread":79,"minecraft:suspicious_stew":9,"minecraft:iron_pickaxe":233,"minecraft:stone_axe":48,"minecraft:cobblestone":32,"minecraft:bucket":56,"minecraft:pumpkin_pie":4,"minecraft:yellow_bed":1,"minecraft:oak_boat":2,"minecraft:dandelion":1,"minecraft:bone_meal":84,"minecraft:jukebox":1,"minecraft:gray_wool":73},"minecraft:dropped":{"minecraft:guster_pottery_sherd":2,"minecraft:water_bucket":1,"minecraft:enchanted_book":4,"minecraft:bread":124,"minecraft:iron_sword":1,"minecraft:wheat_seeds":50,"minecraft:diamond":31,"minecraft:diamond_leggings":1,"minecraft:cookie":234,"minecraft:iron_helmet":1,"minecraft:polished_tuff":2,"minecraft:apple":81,"minecraft:silence_armor_trim_smithing_template":1,"minecraft:stick":52,"minecraft:dirt":22,"minecraft:golden_carrot":3,"minecraft:sculk_catalyst":1,"minecraft:scrape_pottery_sherd":1,"minecraft:potion":1,"minecraft:iron_leggings":1,"minecraft:pumpkin_pie":24,"minecraft:amethyst_shard":22,"minecraft:iron_pickaxe":1,"minecraft:bucket":3,"minecraft:bone":3,"minecraft:furnace":1,"minecraft:sweet_berries":2,"minecraft:tuff_bricks":2,"minecraft:bowl":9,"minecraft:music_disc_otherside":1,"minecraft:diamond_hoe":2,"minecraft:beetroot":2,"minecraft:rotten_flesh":4,"minecraft:oak_planks":24,"minecraft:iron_boots":1,"minecraft:enchanted_golden_apple":1,"minecraft:waxed_copper_block":1,"minecraft:suspicious_stew":1,"minecraft:tipped_arrow":6,"minecraft:gunpowder":2,"minecraft:beetroot_seeds":4,"minecraft:bow":1,"minecraft:brick":64,"minecraft:egg":1},"minecraft:killed_by":{"minecraft:iron_golem":1,"minecraft:skeleton":1,"minecraft:zombie":1}},"DataVersion":3953}