{"stats":{"minecraft:broken":{"minecraft:iron_shovel":8,"minecraft:iron_chestplate":1,"minecraft:iron_boots":1,"minecraft:golden_shovel":1,"minecraft:iron_leggings":1,"minecraft:iron_sword":1,"minecraft:wooden_axe":1,"minecraft:iron_axe":2,"minecraft:iron_pickaxe":2,"minecraft:iron_helmet":1},"minecraft:killed":{"minecraft:cave_spider":1,"minecraft:witch":1,"minecraft:spider":39,"minecraft:skeleton":39,"minecraft:fox":1,"minecraft:pig":3,"minecraft:salmon":1,"minecraft:iron_golem":2,"minecraft:creeper":6,"minecraft:sheep":10,"minecraft:trader_llama":1,"minecraft:zombie":69,"minecraft:donkey":1,"minecraft:stray":6,"minecraft:cow":1,"minecraft:slime":39,"minecraft:horse":1,"minecraft:drowned":1,"minecraft:wandering_trader":1,"minecraft:squid":23,"minecraft:breeze":3,"minecraft:villager":5},"minecraft:killed_by":{"minecraft:creeper":3,"minecraft:drowned":2,"minecraft:zombie":7,"minecraft:player":1,"minecraft:enderman":1,"minecraft:iron_golem":1,"minecraft:skeleton":8,"minecraft:phantom":1},"minecraft:used":{"minecraft:iron_shovel":2182,"minecraft:spruce_slab":53,"minecraft:diamond_hoe":87,"minecraft:white_concrete_powder":138,"minecraft:chest":47,"minecraft:shield":258,"minecraft:stone":40,"minecraft:iron_sword":646,"minecraft:iron_chestplate":4,"minecraft:carrot":71,"minecraft:tuff":1,"minecraft:stripped_spruce_log":388,"minecraft:spruce_boat":1,"minecraft:waxed_oxidized_copper":1,"minecraft:lava_bucket":7,"minecraft:grass_block":135,"minecraft:iron_helmet":2,"minecraft:stone_bricks":147,"minecraft:bow":81,"minecraft:scaffolding":214,"minecraft:furnace":15,"minecraft:oak_sapling":9,"minecraft:gold_block":1,"minecraft:egg":7,"minecraft:diorite":4,"minecraft:stone_pickaxe":17,"minecraft:oak_planks":6,"minecraft:wooden_pickaxe":16,"minecraft:composter":11,"minecraft:diamond_axe":351,"minecraft:cookie":16,"minecraft:white_wool":4,"minecraft:sand":22,"minecraft:black_bed":5,"minecraft:shears":3,"minecraft:polished_tuff":1,"minecraft:bread":149,"minecraft:gravel":58,"minecraft:oak_boat":2,"minecraft:white_concrete":131,"minecraft:bone_meal":90,"minecraft:stone_sword":117,"minecraft:flint_and_steel":14,"minecraft:spruce_planks":812,"minecraft:cooked_salmon":75,"minecraft:stone_hoe":2,"minecraft:cooked_chicken":4,"minecraft:trial_key":6,"minecraft:torch":137,"minecraft:dirt":1158,"minecraft:white_carpet":2,"minecraft:spruce_stairs":143,"minecraft:golden_shovel":20,"minecraft:spruce_fence":26,"minecraft:wooden_axe":30,"minecraft:iron_axe":716,"minecraft:iron_boots":5,"minecraft:bamboo":6,"minecraft:golden_carrot":6,"minecraft:cobbled_deepslate":39,"minecraft:iron_leggings":2,"minecraft:pointed_dripstone":5,"minecraft:wheat_seeds":3,"minecraft:water_bucket":97,"minecraft:baked_potato":16,"minecraft:cauldron":3,"minecraft:stonecutter":2,"minecraft:fletching_table":2,"minecraft:crafting_table":12,"minecraft:white_bed":5,"minecraft:spruce_log":42,"minecraft:black_wool":1,"minecraft:oxeye_daisy":1,"minecraft:iron_pickaxe":899,"minecraft:suspicious_stew":9,"minecraft:spruce_trapdoor":29,"minecraft:spruce_sapling":42,"minecraft:stone_axe":59,"minecraft:cobblestone":209,"minecraft:potion":1,"minecraft:white_banner":1,"minecraft:porkchop":1,"minecraft:bucket":106,"minecraft:yellow_bed":1,"minecraft:pumpkin_pie":13,"minecraft:gray_wool":73,"minecraft:dandelion":1,"minecraft:jukebox":1,"minecraft:smooth_stone":2},"minecraft:mined":{"minecraft:spruce_planks":31,"minecraft:white_bed":1,"minecraft:farmland":3,"minecraft:sculk_vein":5,"minecraft:spruce_trapdoor":9,"minecraft:potted_dead_bush":1,"minecraft:granite":64,"minecraft:grass_block":679,"minecraft:white_concrete":3,"minecraft:composter":10,"minecraft:tuff_bricks":3,"minecraft:spawner":1,"minecraft:smooth_stone":2,"minecraft:tall_seagrass":2,"minecraft:fire":3,"minecraft:iron_ore":83,"minecraft:cobbled_deepslate":3,"minecraft:polished_tuff":2,"minecraft:fletching_table":2,"minecraft:pointed_dripstone":1,"minecraft:dirt_path":26,"minecraft:spruce_slab":20,"minecraft:smoker":1,"minecraft:powder_snow":41,"minecraft:clay":123,"minecraft:torch":75,"minecraft:blast_furnace":1,"minecraft:poppy":20,"minecraft:chest":22,"minecraft:cobblestone":69,"minecraft:grindstone":1,"minecraft:wall_torch":14,"minecraft:cauldron":3,"minecraft:seagrass":3,"minecraft:wheat":74,"minecraft:waxed_copper_block":1,"minecraft:black_bed":2,"minecraft:oak_log":23,"minecraft:beetroots":5,"minecraft:waxed_oxidized_copper":1,"minecraft:sand":490,"minecraft:dirt":426,"minecraft:stonecutter":1,"minecraft:oak_leaves":2,"minecraft:deepslate":56,"minecraft:diamond_ore":2,"minecraft:tuff":2,"minecraft:deepslate_diamond_ore":129,"minecraft:decorated_pot":33,"minecraft:spruce_fence":4,"minecraft:spruce_leaves":175,"minecraft:moss_block":1,"minecraft:white_concrete_powder":6,"minecraft:large_fern":12,"minecraft:hay_block":117,"minecraft:furnace":11,"minecraft:carrots":78,"minecraft:snow":1,"minecraft:stripped_spruce_log":39,"minecraft:gold_block":1,"minecraft:potatoes":12,"minecraft:packed_ice":1,"minecraft:bamboo":27,"minecraft:stone":252,"minecraft:light_gray_carpet":1,"minecraft:scaffolding":94,"minecraft:snow_block":13,"minecraft:dandelion":1,"minecraft:crafting_table":8,"minecraft:short_grass":42,"minecraft:emerald_ore":2,"minecraft:sculk_sensor":4,"minecraft:tall_grass":14,"minecraft:sculk":6,"minecraft:diorite":79,"minecraft:spruce_stairs":15,"minecraft:gray_wool":65,"minecraft:sweet_berry_bush":9,"minecraft:ice":1,"minecraft:white_carpet":2,"minecraft:spruce_log":772,"minecraft:birch_leaves":1,"minecraft:white_wall_banner":1,"minecraft:yellow_bed":1,"minecraft:black_wool":1,"minecraft:coal_ore":19,"minecraft:gravel":747,"minecraft:flower_pot":1,"minecraft:cobweb":80,"minecraft:stone_bricks":100,"minecraft:deepslate_emerald_ore":2,"minecraft:fern":11},"minecraft:dropped":{"minecraft:guster_pottery_sherd":2,"minecraft:iron_sword":1,"minecraft:brown_mushroom":2,"minecraft:diamond_axe":1,"minecraft:glass_bottle":1,"minecraft:diamond":31,"minecraft:cookie":234,"minecraft:silence_armor_trim_smithing_template":1,"minecraft:flint":5,"minecraft:spruce_leaves":3,"minecraft:dirt":25,"minecraft:scrape_pottery_sherd":1,"minecraft:wooden_sword":1,"minecraft:pumpkin_pie":24,"minecraft:amethyst_shard":22,"minecraft:bone_meal":34,"minecraft:iron_pickaxe":1,"minecraft:bone":4,"minecraft:gravel":16,"minecraft:music_disc_otherside":1,"minecraft:wheat":2,"minecraft:beetroot":2,"minecraft:rotten_flesh":31,"minecraft:oak_planks":24,"minecraft:enchanted_golden_apple":1,"minecraft:fern":6,"minecraft:salmon":1,"minecraft:waxed_copper_block":1,"minecraft:poppy":54,"minecraft:tipped_arrow":6,"minecraft:gunpowder":2,"minecraft:beetroot_seeds":4,"minecraft:egg":1,"minecraft:enchanted_book":4,"minecraft:water_bucket":1,"minecraft:bread":152,"minecraft:wheat_seeds":128,"minecraft:diamond_leggings":1,"minecraft:lead":1,"minecraft:feather":1,"minecraft:cobblestone":28,"minecraft:iron_helmet":1,"minecraft:polished_tuff":2,"minecraft:apple":81,"minecraft:stick":154,"minecraft:diorite":1,"minecraft:golden_carrot":3,"minecraft:sculk_catalyst":1,"minecraft:cooked_salmon":29,"minecraft:potion":1,"minecraft:iron_leggings":1,"minecraft:bucket":11,"minecraft:spruce_sapling":14,"minecraft:furnace":1,"minecraft:tuff_bricks":6,"minecraft:sweet_berries":14,"minecraft:bowl":9,"minecraft:diamond_hoe":2,"minecraft:clay_ball":64,"minecraft:iron_boots":1,"minecraft:suspicious_stew":1,"minecraft:spruce_planks":272,"minecraft:spider_eye":4,"minecraft:bow":1,"minecraft:brick":128},"minecraft:crafted":{"minecraft:brick":64,"minecraft:black_dye":99,"minecraft:smooth_stone":3,"minecraft:oak_planks":148,"minecraft:stone":136,"minecraft:gray_wool":25,"minecraft:suspicious_stew":10,"minecraft:iron_bars":16,"minecraft:bow":2,"minecraft:iron_boots":3,"minecraft:chest":26,"minecraft:stone_hoe":1,"minecraft:stone_bricks":1,"minecraft:oak_slab":18,"minecraft:emerald":49,"minecraft:cauldron":2,"minecraft:crafting_table":6,"minecraft:spruce_planks":932,"minecraft:wooden_pickaxe":1,"minecraft:iron_helmet":2,"minecraft:campfire":34,"minecraft:apple":80,"minecraft:stone_brick_stairs":1,"minecraft:spruce_trapdoor":8,"minecraft:iron_chestplate":1,"minecraft:shield":2,"minecraft:stick":264,"minecraft:iron_ingot":51,"minecraft:iron_pickaxe":6,"minecraft:stone_sword":1,"minecraft:black_bed":1,"minecraft:composter":1,"minecraft:spruce_fence_gate":23,"minecraft:shears":1,"minecraft:golden_carrot":6,"minecraft:cookie":270,"minecraft:jukebox":1,"minecraft:furnace":3,"minecraft:stone_button":3,"minecraft:gray_dye":36,"minecraft:bone_meal":226,"minecraft:spruce_fence":147,"minecraft:white_carpet":3,"minecraft:scaffolding":252,"minecraft:diamond":9,"minecraft:spruce_stairs":124,"minecraft:white_concrete_powder":392,"minecraft:black_concrete_powder":640,"minecraft:iron_axe":2,"minecraft:spruce_slab":132,"minecraft:stone_pickaxe":1,"minecraft:wheat":1053,"minecraft:iron_sword":3,"minecraft:cooked_salmon":96,"minecraft:polished_granite":8,"minecraft:bucket":2,"minecraft:stone_axe":1,"minecraft:bread":245,"minecraft:air":0,"minecraft:oak_boat":2,"minecraft:white_wool":2,"minecraft:white_dye":107,"minecraft:wooden_axe":1,"minecraft:iron_shovel":9,"minecraft:iron_leggings":2,"minecraft:stonecutter":2,"minecraft:white_bed":2,"minecraft:pumpkin_pie":48,"minecraft:torch":136},"minecraft:custom":{"minecraft:animals_bred":3,"minecraft:interact_with_crafting_table":115,"minecraft:open_barrel":11,"minecraft:leave_game":32,"minecraft:time_since_death":5308,"minecraft:sprint_one_cm":2277768,"minecraft:damage_blocked_by_shield":6518,"minecraft:drop":151,"minecraft:talked_to_villager":50,"minecraft:play_time":1406278,"minecraft:deaths":35,"minecraft:jump":19127,"minecraft:walk_on_water_one_cm":138497,"minecraft:interact_with_furnace":174,"minecraft:play_record":1,"minecraft:traded_with_villager":107,"minecraft:sleep_in_bed":24,"minecraft:damage_dealt":39704,"minecraft:crouch_one_cm":248867,"minecraft:interact_with_smoker":3,"minecraft:use_cauldron":3,"minecraft:inspect_dispenser":12,"minecraft:mob_kills":263,"minecraft:climb_one_cm":64036,"minecraft:walk_one_cm":1832625,"minecraft:sneak_time":71185,"minecraft:walk_under_water_one_cm":106758,"minecraft:boat_one_cm":9687,"minecraft:total_world_time":1406460,"minecraft:interact_with_stonecutter":8,"minecraft:time_since_rest":1736,"minecraft:damage_taken":23238,"minecraft:swim_one_cm":387595,"minecraft:fly_one_cm":3504244,"minecraft:open_chest":797,"minecraft:fall_one_cm":658118},"minecraft:picked_up":{"minecraft:iron_chestplate":29,"minecraft:wheat":26,"minecraft:lead":9,"minecraft:potion":54,"minecraft:enchanted_book":57,"minecraft:golden_shovel":3,"minecraft:music_disc_cat":5,"minecraft:string":856,"minecraft:cooked_salmon":82,"minecraft:iron_leggings":15,"minecraft:experience_bottle":10,"minecraft:beetroot":2,"minecraft:diamond_leggings":6,"minecraft:smooth_stone":4,"minecraft:cobbled_deepslate":104,"minecraft:bucket":18,"minecraft:spruce_planks":971,"minecraft:trial_key":6,"minecraft:white_tulip":1,"minecraft:iron_pickaxe":42,"minecraft:enchanted_golden_apple":7,"minecraft:iron_boots":22,"minecraft:furnace":21,"minecraft:tipped_arrow":49,"minecraft:golden_helmet":5,"minecraft:stick":895,"minecraft:composter":12,"minecraft:torch":756,"minecraft:spruce_stairs":339,"minecraft:porkchop":95,"minecraft:pointed_dripstone":8,"minecraft:diorite":401,"minecraft:cauldron":3,"minecraft:black_dye":152,"minecraft:stone_sword":1,"minecraft:rotten_flesh":440,"minecraft:honey_bottle":39,"minecraft:cobblestone":1317,"minecraft:feather":6,"minecraft:water_bucket":23,"minecraft:andesite":4,"minecraft:black_bed":4,"minecraft:smoker":1,"minecraft:potato":8,"minecraft:flint":142,"minecraft:tuff":5,"minecraft:silence_armor_trim_smithing_template":6,"minecraft:lapis_lazuli":217,"minecraft:dirt":1332,"minecraft:disc_fragment_5":12,"minecraft:bone":131,"minecraft:bow":35,"minecraft:stonecutter":1,"minecraft:wheat_seeds":210,"minecraft:raw_gold":6,"minecraft:grindstone":1,"minecraft:bolt_armor_trim_smithing_template":9,"minecraft:bamboo":313,"minecraft:guster_banner_pattern":2,"minecraft:fletching_table":2,"minecraft:diamond_helmet":2,"minecraft:scrape_pottery_sherd":2,"minecraft:stone_hoe":6,"minecraft:oak_planks":27,"minecraft:music_disc_13":3,"minecraft:sand":626,"minecraft:stripped_spruce_log":312,"minecraft:ink_sac":107,"minecraft:grass_block":20,"minecraft:diamond_block":1,"minecraft:black_concrete_powder":2224,"minecraft:diamond":664,"minecraft:spruce_boat":4,"minecraft:breeze_rod":20,"minecraft:crossbow":1,"minecraft:granite":256,"minecraft:bone_meal":5,"minecraft:golden_apple":4,"minecraft:white_concrete":3,"minecraft:emerald":183,"minecraft:bread":339,"minecraft:music_disc_precipice":2,"minecraft:oak_sapling":7,"minecraft:spruce_leaves":3,"minecraft:crafting_table":13,"minecraft:chicken":6,"minecraft:ominous_bottle":3,"minecraft:clay_ball":2416,"minecraft:brown_mushroom":2,"minecraft:gold_block":12,"minecraft:brick":232,"minecraft:shield":26,"minecraft:wind_charge":29,"minecraft:iron_axe":21,"minecraft:wooden_sword":3,"minecraft:compass":25,"minecraft:white_carpet":5,"minecraft:iron_shovel":15,"minecraft:beef":13,"minecraft:music_disc_otherside":4,"minecraft:echo_shard":15,"minecraft:iron_nugget":49,"minecraft:poppy":90,"minecraft:spruce_slab":226,"minecraft:guster_pottery_sherd":2,"minecraft:chest":28,"minecraft:waxed_oxidized_copper":1,"minecraft:spruce_trapdoor":139,"minecraft:phantom_membrane":2,"minecraft:diamond_hoe":20,"minecraft:egg":25,"minecraft:raw_iron":126,"minecraft:stone":53,"minecraft:bowl":24,"minecraft:spruce_fence":245,"minecraft:gray_dye":1,"minecraft:fire_charge":4,"minecraft:white_dye":27,"minecraft:flow_pottery_sherd":2,"minecraft:cookie":308,"minecraft:carrot":547,"minecraft:redstone":92,"minecraft:arrow":540,"minecraft:diamond_chestplate":6,"minecraft:beetroot_seeds":4,"minecraft:pumpkin_pie":205,"minecraft:diamond_boots":4,"minecraft:hay_block":173,"minecraft:saddle":1,"minecraft:gold_ingot":34,"minecraft:tuff_bricks":9,"minecraft:mutton":52,"minecraft:white_wool":14,"minecraft:oxeye_daisy":1,"minecraft:golden_carrot":3,"minecraft:salmon":1,"minecraft:leather":14,"minecraft:fern":6,"minecraft:oak_log":39,"minecraft:waxed_copper_block":4,"minecraft:yellow_bed":1,"minecraft:gunpowder":39,"minecraft:paper":48,"minecraft:white_banner":1,"minecraft:stone_bricks":166,"minecraft:apple":288,"minecraft:stone_pickaxe":1,"minecraft:iron_ingot":553,"minecraft:cooked_chicken":12,"minecraft:iron_sword":25,"minecraft:scaffolding":325,"minecraft:book":135,"minecraft:sculk_catalyst":4,"minecraft:oak_slab":22,"minecraft:emerald_block":1,"minecraft:sweet_berries":63,"minecraft:sculk":114,"minecraft:dandelion":2,"minecraft:gravel":1028,"minecraft:lava_bucket":16,"minecraft:amethyst_shard":109,"minecraft:spruce_sapling":120,"minecraft:blast_furnace":6,"minecraft:white_bed":3,"minecraft:spruce_log":1666,"minecraft:polished_tuff":3,"minecraft:spider_eye":42,"minecraft:white_concrete_powder":70,"minecraft:slime_ball":124,"minecraft:stone_axe":4,"minecraft:iron_helmet":19,"minecraft:diamond_axe":8,"minecraft:gray_wool":105,"minecraft:baked_potato":10,"minecraft:black_wool":101,"minecraft:coal":379,"minecraft:ender_pearl":4}},"DataVersion":3953}