{"stats":{"minecraft:crafted":{"minecraft:cookie":270,"minecraft:oak_planks":148,"minecraft:jukebox":1,"minecraft:furnace":2,"minecraft:suspicious_stew":10,"minecraft:diamond":9,"minecraft:bow":2,"minecraft:iron_boots":3,"minecraft:iron_axe":2,"minecraft:stone_pickaxe":1,"minecraft:chest":7,"minecraft:wheat":981,"minecraft:oak_slab":18,"minecraft:emerald":49,"minecraft:crafting_table":2,"minecraft:spruce_planks":12,"minecraft:wooden_pickaxe":1,"minecraft:iron_helmet":2,"minecraft:iron_sword":2,"minecraft:bucket":1,"minecraft:stone_axe":1,"minecraft:bread":222,"minecraft:air":0,"minecraft:oak_boat":2,"minecraft:apple":80,"minecraft:iron_chestplate":1,"minecraft:shield":1,"minecraft:stick":68,"minecraft:iron_ingot":51,"minecraft:iron_pickaxe":3,"minecraft:wooden_axe":1,"minecraft:stone_sword":1,"minecraft:iron_leggings":2,"minecraft:white_bed":2,"minecraft:pumpkin_pie":48,"minecraft:composter":1,"minecraft:golden_carrot":6},"minecraft:picked_up":{"minecraft:iron_chestplate":3,"minecraft:crafting_table":3,"minecraft:wheat":1,"minecraft:ominous_bottle":1,"minecraft:chicken":1,"minecraft:lead":4,"minecraft:gold_block":1,"minecraft:potion":19,"minecraft:enchanted_book":16,"minecraft:golden_shovel":1,"minecraft:shield":2,"minecraft:brick":72,"minecraft:wind_charge":3,"minecraft:music_disc_cat":3,"minecraft:string":79,"minecraft:iron_axe":3,"minecraft:compass":7,"minecraft:experience_bottle":2,"minecraft:beetroot":1,"minecraft:diamond_leggings":3,"minecraft:cobbled_deepslate":37,"minecraft:bucket":4,"minecraft:music_disc_otherside":3,"minecraft:spruce_planks":15,"minecraft:beef":1,"minecraft:echo_shard":6,"minecraft:trial_key":6,"minecraft:white_tulip":1,"minecraft:iron_nugget":44,"minecraft:poppy":2,"minecraft:iron_pickaxe":2,"minecraft:enchanted_golden_apple":5,"minecraft:guster_pottery_sherd":2,"minecraft:chest":4,"minecraft:egg":4,"minecraft:waxed_oxidized_copper":1,"minecraft:diamond_hoe":5,"minecraft:iron_boots":3,"minecraft:furnace":6,"minecraft:tipped_arrow":10,"minecraft:stick":19,"minecraft:raw_iron":78,"minecraft:composter":10,"minecraft:torch":5,"minecraft:bowl":3,"minecraft:porkchop":12,"minecraft:cookie":72,"minecraft:diorite":11,"minecraft:carrot":9,"minecraft:diamond_chestplate":1,"minecraft:stone_sword":1,"minecraft:arrow":72,"minecraft:honey_bottle":3,"minecraft:rotten_flesh":18,"minecraft:beetroot_seeds":4,"minecraft:diamond_boots":1,"minecraft:hay_block":109,"minecraft:saddle":1,"minecraft:tuff_bricks":3,"minecraft:mutton":22,"minecraft:cobblestone":110,"minecraft:white_wool":10,"minecraft:oxeye_daisy":1,"minecraft:feather":2,"minecraft:golden_carrot":3,"minecraft:water_bucket":3,"minecraft:leather":4,"minecraft:potato":1,"minecraft:oak_log":39,"minecraft:waxed_copper_block":2,"minecraft:yellow_bed":1,"minecraft:silence_armor_trim_smithing_template":3,"minecraft:lapis_lazuli":8,"minecraft:dirt":56,"minecraft:paper":4,"minecraft:disc_fragment_5":8,"minecraft:bone":48,"minecraft:apple":28,"minecraft:bow":3,"minecraft:wheat_seeds":21,"minecraft:raw_gold":6,"minecraft:grindstone":1,"minecraft:iron_ingot":21,"minecraft:stone_pickaxe":1,"minecraft:cooked_chicken":2,"minecraft:bolt_armor_trim_smithing_template":1,"minecraft:fletching_table":2,"minecraft:diamond_helmet":1,"minecraft:iron_sword":1,"minecraft:scrape_pottery_sherd":1,"minecraft:oak_planks":26,"minecraft:book":14,"minecraft:sculk_catalyst":3,"minecraft:emerald_block":1,"minecraft:music_disc_13":2,"minecraft:sculk":62,"minecraft:dandelion":1,"minecraft:gravel":1,"minecraft:amethyst_shard":65,"minecraft:grass_block":14,"minecraft:white_bed":3,"minecraft:spruce_log":3,"minecraft:diamond_block":1,"minecraft:polished_tuff":3,"minecraft:spider_eye":15,"minecraft:slime_ball":36,"minecraft:diamond":94,"minecraft:spruce_boat":2,"minecraft:stone_axe":1,"minecraft:crossbow":1,"minecraft:breeze_rod":4,"minecraft:diamond_axe":1,"minecraft:gray_wool":82,"minecraft:emerald":44,"minecraft:bread":185,"minecraft:music_disc_precipice":1,"minecraft:oak_sapling":7,"minecraft:coal":103},"minecraft:custom":{"minecraft:mob_kills":124,"minecraft:interact_with_crafting_table":28,"minecraft:open_barrel":11,"minecraft:leave_game":8,"minecraft:time_since_death":138805,"minecraft:climb_one_cm":7505,"minecraft:sprint_one_cm":639598,"minecraft:walk_one_cm":343429,"minecraft:damage_blocked_by_shield":2198,"minecraft:drop":66,"minecraft:talked_to_villager":48,"minecraft:play_time":248416,"minecraft:deaths":3,"minecraft:sneak_time":29709,"minecraft:walk_under_water_one_cm":37465,"minecraft:boat_one_cm":9687,"minecraft:jump":4762,"minecraft:walk_on_water_one_cm":33612,"minecraft:total_world_time":248598,"minecraft:interact_with_furnace":46,"minecraft:play_record":1,"minecraft:traded_with_villager":107,"minecraft:sleep_in_bed":8,"minecraft:time_since_rest":3238,"minecraft:damage_taken":5077,"minecraft:damage_dealt":15382,"minecraft:swim_one_cm":54482,"minecraft:fly_one_cm":888662,"minecraft:open_chest":186,"minecraft:crouch_one_cm":118607,"minecraft:fall_one_cm":168678,"minecraft:inspect_dispenser":12},"minecraft:broken":{"minecraft:golden_shovel":1,"minecraft:wooden_axe":1},"minecraft:mined":{"minecraft:spruce_planks":6,"minecraft:white_bed":1,"minecraft:deepslate_diamond_ore":25,"minecraft:sculk_vein":5,"minecraft:potted_dead_bush":1,"minecraft:grass_block":22,"minecraft:decorated_pot":33,"minecraft:composter":10,"minecraft:moss_block":1,"minecraft:tuff_bricks":3,"minecraft:hay_block":109,"minecraft:furnace":4,"minecraft:carrots":9,"minecraft:iron_ore":77,"minecraft:fire":3,"minecraft:polished_tuff":2,"minecraft:fletching_table":2,"minecraft:potatoes":1,"minecraft:packed_ice":1,"minecraft:stone":81,"minecraft:dandelion":1,"minecraft:powder_snow":41,"minecraft:crafting_table":3,"minecraft:short_grass":27,"minecraft:emerald_ore":2,"minecraft:chest":2,"minecraft:sculk_sensor":4,"minecraft:tall_grass":12,"minecraft:cobblestone":2,"minecraft:grindstone":1,"minecraft:sculk":6,"minecraft:diorite":11,"minecraft:gray_wool":65,"minecraft:wheat":16,"minecraft:ice":1,"minecraft:waxed_copper_block":1,"minecraft:yellow_bed":1,"minecraft:oak_log":23,"minecraft:coal_ore":17,"minecraft:beetroots":2,"minecraft:waxed_oxidized_copper":1,"minecraft:flower_pot":1,"minecraft:dirt":20,"minecraft:cobweb":7,"minecraft:oak_leaves":1,"minecraft:deepslate":17},"minecraft:killed":{"minecraft:spider":31,"minecraft:slime":39,"minecraft:skeleton":13,"minecraft:horse":1,"minecraft:pig":2,"minecraft:iron_golem":1,"minecraft:sheep":10,"minecraft:zombie":14,"minecraft:stray":6,"minecraft:breeze":3,"minecraft:cow":1},"minecraft:used":{"minecraft:stone_sword":117,"minecraft:flint_and_steel":14,"minecraft:diamond_hoe":77,"minecraft:chest":9,"minecraft:spruce_planks":15,"minecraft:shield":107,"minecraft:iron_sword":238,"minecraft:cooked_chicken":2,"minecraft:trial_key":6,"minecraft:torch":2,"minecraft:dirt":28,"minecraft:carrot":9,"minecraft:golden_shovel":20,"minecraft:spruce_boat":1,"minecraft:waxed_oxidized_copper":1,"minecraft:wooden_axe":30,"minecraft:grass_block":14,"minecraft:iron_boots":1,"minecraft:golden_carrot":2,"minecraft:bow":10,"minecraft:oak_sapling":9,"minecraft:furnace":11,"minecraft:egg":3,"minecraft:water_bucket":52,"minecraft:stone_pickaxe":17,"minecraft:baked_potato":6,"minecraft:oak_planks":6,"minecraft:wooden_pickaxe":16,"minecraft:composter":11,"minecraft:fletching_table":2,"minecraft:white_wool":4,"minecraft:crafting_table":5,"minecraft:white_bed":5,"minecraft:polished_tuff":1,"minecraft:oxeye_daisy":1,"minecraft:bread":76,"minecraft:suspicious_stew":9,"minecraft:iron_pickaxe":223,"minecraft:stone_axe":48,"minecraft:cobblestone":32,"minecraft:bucket":52,"minecraft:yellow_bed":1,"minecraft:oak_boat":2,"minecraft:jukebox":1,"minecraft:gray_wool":73},"minecraft:dropped":{"minecraft:guster_pottery_sherd":2,"minecraft:water_bucket":1,"minecraft:enchanted_book":4,"minecraft:bread":124,"minecraft:wheat_seeds":21,"minecraft:diamond":31,"minecraft:diamond_leggings":1,"minecraft:cookie":234,"minecraft:iron_helmet":1,"minecraft:polished_tuff":2,"minecraft:apple":81,"minecraft:silence_armor_trim_smithing_template":1,"minecraft:stick":7,"minecraft:dirt":20,"minecraft:golden_carrot":3,"minecraft:sculk_catalyst":1,"minecraft:scrape_pottery_sherd":1,"minecraft:potion":1,"minecraft:iron_leggings":1,"minecraft:pumpkin_pie":24,"minecraft:amethyst_shard":22,"minecraft:iron_pickaxe":1,"minecraft:bucket":3,"minecraft:bone":3,"minecraft:furnace":1,"minecraft:tuff_bricks":2,"minecraft:music_disc_otherside":1,"minecraft:diamond_hoe":2,"minecraft:beetroot":1,"minecraft:oak_planks":24,"minecraft:iron_boots":1,"minecraft:enchanted_golden_apple":1,"minecraft:waxed_copper_block":1,"minecraft:suspicious_stew":1,"minecraft:tipped_arrow":6,"minecraft:beetroot_seeds":4,"minecraft:bow":1,"minecraft:brick":64},"minecraft:killed_by":{"minecraft:skeleton":1,"minecraft:zombie":1}},"DataVersion":3953}