{"stats":{"minecraft:picked_up":{"minecraft:iron_chestplate":18,"minecraft:crafting_table":10,"minecraft:wheat":4,"minecraft:chicken":1,"minecraft:ominous_bottle":2,"minecraft:brown_mushroom":1,"minecraft:lead":4,"minecraft:enchanted_book":41,"minecraft:gold_block":11,"minecraft:potion":41,"minecraft:golden_shovel":2,"minecraft:shield":10,"minecraft:brick":72,"minecraft:wind_charge":11,"minecraft:music_disc_cat":3,"minecraft:string":289,"minecraft:iron_axe":9,"minecraft:iron_leggings":8,"minecraft:compass":21,"minecraft:experience_bottle":2,"minecraft:beetroot":2,"minecraft:diamond_leggings":4,"minecraft:cobbled_deepslate":37,"minecraft:bucket":13,"minecraft:spruce_planks":31,"minecraft:beef":10,"minecraft:music_disc_otherside":3,"minecraft:echo_shard":6,"minecraft:trial_key":6,"minecraft:white_tulip":1,"minecraft:iron_nugget":44,"minecraft:poppy":15,"minecraft:iron_pickaxe":20,"minecraft:enchanted_golden_apple":5,"minecraft:guster_pottery_sherd":2,"minecraft:chest":9,"minecraft:egg":18,"minecraft:diamond_hoe":17,"minecraft:waxed_oxidized_copper":1,"minecraft:iron_boots":16,"minecraft:furnace":13,"minecraft:tipped_arrow":18,"minecraft:golden_helmet":1,"minecraft:raw_iron":84,"minecraft:stick":339,"minecraft:composter":11,"minecraft:torch":5,"minecraft:bowl":21,"minecraft:porkchop":74,"minecraft:flow_pottery_sherd":1,"minecraft:cookie":262,"minecraft:diorite":11,"minecraft:carrot":501,"minecraft:stone_sword":1,"minecraft:arrow":464,"minecraft:rotten_flesh":60,"minecraft:honey_bottle":24,"minecraft:diamond_chestplate":2,"minecraft:beetroot_seeds":4,"minecraft:pumpkin_pie":155,"minecraft:diamond_boots":1,"minecraft:hay_block":173,"minecraft:saddle":1,"minecraft:tuff_bricks":7,"minecraft:mutton":22,"minecraft:white_wool":12,"minecraft:cobblestone":531,"minecraft:oxeye_daisy":1,"minecraft:feather":2,"minecraft:water_bucket":19,"minecraft:golden_carrot":3,"minecraft:leather":4,"minecraft:potato":7,"minecraft:oak_log":39,"minecraft:waxed_copper_block":3,"minecraft:yellow_bed":1,"minecraft:gunpowder":13,"minecraft:silence_armor_trim_smithing_template":3,"minecraft:lapis_lazuli":8,"minecraft:dirt":204,"minecraft:paper":36,"minecraft:disc_fragment_5":8,"minecraft:bone":51,"minecraft:apple":180,"minecraft:bow":10,"minecraft:wheat_seeds":75,"minecraft:raw_gold":6,"minecraft:grindstone":1,"minecraft:iron_ingot":117,"minecraft:stone_pickaxe":1,"minecraft:cooked_chicken":10,"minecraft:bolt_armor_trim_smithing_template":8,"minecraft:guster_banner_pattern":1,"minecraft:fletching_table":2,"minecraft:diamond_helmet":1,"minecraft:oak_planks":27,"minecraft:iron_sword":12,"minecraft:scrape_pottery_sherd":1,"minecraft:book":102,"minecraft:sculk_catalyst":3,"minecraft:emerald_block":1,"minecraft:music_disc_13":2,"minecraft:sweet_berries":52,"minecraft:sculk":62,"minecraft:dandelion":2,"minecraft:gravel":1,"minecraft:amethyst_shard":65,"minecraft:spruce_sapling":46,"minecraft:blast_furnace":6,"minecraft:spruce_log":494,"minecraft:white_bed":3,"minecraft:grass_block":14,"minecraft:diamond_block":1,"minecraft:spider_eye":15,"minecraft:polished_tuff":3,"minecraft:slime_ball":36,"minecraft:stone_axe":3,"minecraft:diamond":97,"minecraft:spruce_boat":3,"minecraft:iron_helmet":13,"minecraft:diamond_axe":2,"minecraft:crossbow":1,"minecraft:breeze_rod":12,"minecraft:gray_wool":82,"minecraft:emerald":144,"minecraft:bread":267,"minecraft:music_disc_precipice":1,"minecraft:oak_sapling":7,"minecraft:coal":112},"minecraft:crafted":{"minecraft:golden_carrot":6,"minecraft:cookie":270,"minecraft:oak_planks":148,"minecraft:jukebox":1,"minecraft:furnace":2,"minecraft:bone_meal":84,"minecraft:suspicious_stew":10,"minecraft:diamond":9,"minecraft:bow":2,"minecraft:iron_boots":3,"minecraft:iron_axe":2,"minecraft:stone_pickaxe":1,"minecraft:chest":11,"minecraft:wheat":981,"minecraft:oak_slab":18,"minecraft:emerald":49,"minecraft:crafting_table":3,"minecraft:spruce_planks":36,"minecraft:wooden_pickaxe":1,"minecraft:iron_helmet":2,"minecraft:iron_sword":2,"minecraft:bucket":1,"minecraft:stone_axe":1,"minecraft:bread":222,"minecraft:air":0,"minecraft:apple":80,"minecraft:oak_boat":2,"minecraft:iron_chestplate":1,"minecraft:shield":1,"minecraft:stick":68,"minecraft:iron_ingot":51,"minecraft:iron_pickaxe":3,"minecraft:wooden_axe":1,"minecraft:stone_sword":1,"minecraft:iron_shovel":1,"minecraft:iron_leggings":2,"minecraft:white_bed":2,"minecraft:pumpkin_pie":48,"minecraft:composter":1},"minecraft:custom":{"minecraft:mob_kills":140,"minecraft:interact_with_crafting_table":39,"minecraft:open_barrel":11,"minecraft:leave_game":9,"minecraft:time_since_death":24990,"minecraft:climb_one_cm":7505,"minecraft:sprint_one_cm":1078739,"minecraft:walk_one_cm":541048,"minecraft:damage_blocked_by_shield":2990,"minecraft:drop":89,"minecraft:talked_to_villager":49,"minecraft:play_time":393462,"minecraft:sneak_time":34339,"minecraft:deaths":18,"minecraft:walk_under_water_one_cm":39820,"minecraft:boat_one_cm":9687,"minecraft:jump":7678,"minecraft:walk_on_water_one_cm":39585,"minecraft:total_world_time":393644,"minecraft:interact_with_furnace":46,"minecraft:play_record":1,"minecraft:traded_with_villager":107,"minecraft:sleep_in_bed":9,"minecraft:time_since_rest":25020,"minecraft:damage_taken":10484,"minecraft:damage_dealt":18521,"minecraft:swim_one_cm":56796,"minecraft:fly_one_cm":1440002,"minecraft:open_chest":260,"minecraft:crouch_one_cm":131499,"minecraft:fall_one_cm":284019,"minecraft:inspect_dispenser":12},"minecraft:broken":{"minecraft:golden_shovel":1,"minecraft:iron_axe":1,"minecraft:wooden_axe":1},"minecraft:mined":{"minecraft:spruce_planks":6,"minecraft:white_bed":1,"minecraft:deepslate_diamond_ore":25,"minecraft:sculk_vein":5,"minecraft:potted_dead_bush":1,"minecraft:grass_block":124,"minecraft:decorated_pot":33,"minecraft:spruce_leaves":82,"minecraft:composter":10,"minecraft:moss_block":1,"minecraft:tuff_bricks":3,"minecraft:hay_block":117,"minecraft:furnace":4,"minecraft:carrots":78,"minecraft:iron_ore":77,"minecraft:fire":3,"minecraft:polished_tuff":2,"minecraft:fletching_table":2,"minecraft:gold_block":1,"minecraft:potatoes":12,"minecraft:packed_ice":1,"minecraft:stone":93,"minecraft:dandelion":1,"minecraft:powder_snow":41,"minecraft:crafting_table":6,"minecraft:short_grass":33,"minecraft:blast_furnace":1,"minecraft:emerald_ore":2,"minecraft:chest":7,"minecraft:sculk_sensor":4,"minecraft:tall_grass":14,"minecraft:cobblestone":2,"minecraft:grindstone":1,"minecraft:sculk":6,"minecraft:diorite":11,"minecraft:gray_wool":65,"minecraft:wheat":54,"minecraft:sweet_berry_bush":9,"minecraft:ice":1,"minecraft:spruce_log":484,"minecraft:waxed_copper_block":1,"minecraft:yellow_bed":1,"minecraft:coal_ore":17,"minecraft:oak_log":23,"minecraft:beetroots":5,"minecraft:waxed_oxidized_copper":1,"minecraft:flower_pot":1,"minecraft:dirt":28,"minecraft:cobweb":7,"minecraft:oak_leaves":1,"minecraft:deepslate":17,"minecraft:fern":3},"minecraft:killed":{"minecraft:spider":32,"minecraft:slime":39,"minecraft:horse":1,"minecraft:skeleton":13,"minecraft:pig":2,"minecraft:iron_golem":2,"minecraft:creeper":1,"minecraft:sheep":10,"minecraft:zombie":21,"minecraft:stray":6,"minecraft:breeze":3,"minecraft:villager":5,"minecraft:cow":1},"minecraft:used":{"minecraft:stone_sword":117,"minecraft:iron_shovel":47,"minecraft:flint_and_steel":14,"minecraft:diamond_hoe":87,"minecraft:chest":18,"minecraft:spruce_planks":15,"minecraft:shield":109,"minecraft:iron_sword":280,"minecraft:cooked_chicken":2,"minecraft:trial_key":6,"minecraft:iron_chestplate":3,"minecraft:torch":2,"minecraft:dirt":172,"minecraft:carrot":71,"minecraft:golden_shovel":20,"minecraft:wooden_axe":30,"minecraft:spruce_boat":1,"minecraft:waxed_oxidized_copper":1,"minecraft:iron_axe":548,"minecraft:grass_block":14,"minecraft:iron_helmet":1,"minecraft:iron_boots":4,"minecraft:golden_carrot":6,"minecraft:bow":36,"minecraft:oak_sapling":9,"minecraft:furnace":11,"minecraft:gold_block":1,"minecraft:egg":6,"minecraft:water_bucket":67,"minecraft:stone_pickaxe":17,"minecraft:baked_potato":6,"minecraft:oak_planks":6,"minecraft:wooden_pickaxe":16,"minecraft:composter":11,"minecraft:fletching_table":2,"minecraft:white_wool":4,"minecraft:crafting_table":9,"minecraft:white_bed":5,"minecraft:spruce_log":32,"minecraft:polished_tuff":1,"minecraft:oxeye_daisy":1,"minecraft:iron_pickaxe":238,"minecraft:bread":90,"minecraft:suspicious_stew":9,"minecraft:spruce_sapling":42,"minecraft:stone_axe":50,"minecraft:potion":1,"minecraft:cobblestone":32,"minecraft:bucket":67,"minecraft:pumpkin_pie":13,"minecraft:yellow_bed":1,"minecraft:oak_boat":2,"minecraft:dandelion":1,"minecraft:jukebox":1,"minecraft:gray_wool":73,"minecraft:bone_meal":84},"minecraft:dropped":{"minecraft:enchanted_book":4,"minecraft:water_bucket":1,"minecraft:bread":152,"minecraft:iron_sword":1,"minecraft:wheat_seeds":51,"minecraft:glass_bottle":1,"minecraft:diamond":31,"minecraft:diamond_leggings":1,"minecraft:cookie":234,"minecraft:iron_helmet":1,"minecraft:cobblestone":27,"minecraft:polished_tuff":2,"minecraft:apple":81,"minecraft:silence_armor_trim_smithing_template":1,"minecraft:stick":52,"minecraft:dirt":22,"minecraft:golden_carrot":3,"minecraft:sculk_catalyst":1,"minecraft:scrape_pottery_sherd":1,"minecraft:potion":1,"minecraft:iron_leggings":1,"minecraft:pumpkin_pie":24,"minecraft:amethyst_shard":22,"minecraft:iron_pickaxe":1,"minecraft:bucket":5,"minecraft:bone":4,"minecraft:furnace":1,"minecraft:tuff_bricks":2,"minecraft:sweet_berries":14,"minecraft:bowl":9,"minecraft:music_disc_otherside":1,"minecraft:diamond_hoe":2,"minecraft:beetroot":2,"minecraft:rotten_flesh":11,"minecraft:oak_planks":24,"minecraft:iron_boots":1,"minecraft:enchanted_golden_apple":1,"minecraft:waxed_copper_block":1,"minecraft:suspicious_stew":1,"minecraft:tipped_arrow":6,"minecraft:gunpowder":2,"minecraft:beetroot_seeds":4,"minecraft:bow":1,"minecraft:brick":64,"minecraft:egg":1,"minecraft:guster_pottery_sherd":2},"minecraft:killed_by":{"minecraft:player":1,"minecraft:creeper":2,"minecraft:iron_golem":1,"minecraft:skeleton":1,"minecraft:zombie":3}},"DataVersion":3953}