{"stats":{"minecraft:broken":{"minecraft:iron_shovel":1,"minecraft:iron_boots":1,"minecraft:iron_chestplate":1,"minecraft:golden_shovel":1,"minecraft:iron_leggings":1,"minecraft:iron_sword":1,"minecraft:wooden_axe":1,"minecraft:iron_axe":2,"minecraft:iron_pickaxe":1,"minecraft:iron_helmet":1},"minecraft:mined":{"minecraft:spruce_planks":8,"minecraft:white_bed":1,"minecraft:sculk_vein":5,"minecraft:spruce_trapdoor":2,"minecraft:potted_dead_bush":1,"minecraft:granite":64,"minecraft:grass_block":139,"minecraft:composter":10,"minecraft:tuff_bricks":3,"minecraft:spawner":1,"minecraft:tall_seagrass":2,"minecraft:iron_ore":77,"minecraft:cobbled_deepslate":2,"minecraft:fire":3,"minecraft:polished_tuff":2,"minecraft:fletching_table":2,"minecraft:pointed_dripstone":1,"minecraft:spruce_slab":2,"minecraft:powder_snow":41,"minecraft:clay":123,"minecraft:torch":72,"minecraft:blast_furnace":1,"minecraft:poppy":6,"minecraft:chest":9,"minecraft:cobblestone":25,"minecraft:grindstone":1,"minecraft:wall_torch":14,"minecraft:cauldron":1,"minecraft:seagrass":3,"minecraft:wheat":57,"minecraft:waxed_copper_block":1,"minecraft:oak_log":23,"minecraft:beetroots":5,"minecraft:waxed_oxidized_copper":1,"minecraft:sand":116,"minecraft:dirt":41,"minecraft:oak_leaves":1,"minecraft:deepslate":53,"minecraft:tuff":2,"minecraft:deepslate_diamond_ore":120,"minecraft:spruce_fence":4,"minecraft:decorated_pot":33,"minecraft:spruce_leaves":95,"minecraft:moss_block":1,"minecraft:large_fern":3,"minecraft:hay_block":117,"minecraft:furnace":4,"minecraft:carrots":78,"minecraft:gold_block":1,"minecraft:potatoes":12,"minecraft:packed_ice":1,"minecraft:stone":114,"minecraft:dandelion":1,"minecraft:crafting_table":7,"minecraft:short_grass":36,"minecraft:emerald_ore":2,"minecraft:sculk_sensor":4,"minecraft:tall_grass":14,"minecraft:sculk":6,"minecraft:diorite":79,"minecraft:gray_wool":65,"minecraft:sweet_berry_bush":9,"minecraft:ice":1,"minecraft:white_carpet":1,"minecraft:spruce_log":628,"minecraft:birch_leaves":1,"minecraft:yellow_bed":1,"minecraft:coal_ore":17,"minecraft:flower_pot":1,"minecraft:gravel":274,"minecraft:cobweb":80,"minecraft:deepslate_emerald_ore":2,"minecraft:fern":3},"minecraft:killed_by":{"minecraft:creeper":2,"minecraft:drowned":2,"minecraft:zombie":5,"minecraft:player":1,"minecraft:iron_golem":1,"minecraft:skeleton":6,"minecraft:phantom":1},"minecraft:custom":{"minecraft:animals_bred":2,"minecraft:interact_with_crafting_table":80,"minecraft:open_barrel":11,"minecraft:leave_game":13,"minecraft:time_since_death":3609,"minecraft:sprint_one_cm":1495247,"minecraft:damage_blocked_by_shield":4737,"minecraft:drop":125,"minecraft:talked_to_villager":49,"minecraft:play_time":675594,"minecraft:deaths":28,"minecraft:jump":11835,"minecraft:walk_on_water_one_cm":118347,"minecraft:interact_with_furnace":88,"minecraft:play_record":1,"minecraft:traded_with_villager":107,"minecraft:sleep_in_bed":10,"minecraft:damage_dealt":25975,"minecraft:crouch_one_cm":171356,"minecraft:use_cauldron":2,"minecraft:inspect_dispenser":12,"minecraft:mob_kills":185,"minecraft:climb_one_cm":7505,"minecraft:walk_one_cm":839893,"minecraft:sneak_time":48769,"minecraft:walk_under_water_one_cm":94583,"minecraft:boat_one_cm":9687,"minecraft:total_world_time":675776,"minecraft:time_since_rest":3635,"minecraft:damage_taken":16058,"minecraft:swim_one_cm":317662,"minecraft:fly_one_cm":2233550,"minecraft:open_chest":410,"minecraft:fall_one_cm":433628},"minecraft:used":{"minecraft:iron_shovel":460,"minecraft:spruce_slab":3,"minecraft:diamond_hoe":87,"minecraft:chest":26,"minecraft:shield":194,"minecraft:iron_sword":455,"minecraft:iron_chestplate":3,"minecraft:carrot":71,"minecraft:tuff":1,"minecraft:spruce_boat":1,"minecraft:waxed_oxidized_copper":1,"minecraft:lava_bucket":6,"minecraft:grass_block":14,"minecraft:iron_helmet":1,"minecraft:bow":43,"minecraft:oak_sapling":9,"minecraft:furnace":12,"minecraft:gold_block":1,"minecraft:egg":6,"minecraft:diorite":4,"minecraft:stone_pickaxe":17,"minecraft:oak_planks":6,"minecraft:wooden_pickaxe":16,"minecraft:composter":11,"minecraft:white_wool":4,"minecraft:sand":2,"minecraft:black_bed":1,"minecraft:shears":3,"minecraft:polished_tuff":1,"minecraft:bread":149,"minecraft:oak_boat":2,"minecraft:bone_meal":90,"minecraft:stone_sword":117,"minecraft:flint_and_steel":14,"minecraft:spruce_planks":17,"minecraft:trial_key":6,"minecraft:cooked_chicken":2,"minecraft:stone_hoe":2,"minecraft:torch":134,"minecraft:dirt":234,"minecraft:white_carpet":2,"minecraft:golden_shovel":20,"minecraft:spruce_fence":18,"minecraft:wooden_axe":30,"minecraft:iron_axe":716,"minecraft:iron_boots":5,"minecraft:golden_carrot":6,"minecraft:cobbled_deepslate":36,"minecraft:pointed_dripstone":5,"minecraft:iron_leggings":2,"minecraft:wheat_seeds":3,"minecraft:water_bucket":68,"minecraft:baked_potato":6,"minecraft:cauldron":3,"minecraft:fletching_table":2,"minecraft:crafting_table":12,"minecraft:white_bed":5,"minecraft:spruce_log":34,"minecraft:oxeye_daisy":1,"minecraft:iron_pickaxe":566,"minecraft:suspicious_stew":9,"minecraft:spruce_trapdoor":8,"minecraft:spruce_sapling":42,"minecraft:stone_axe":50,"minecraft:cobblestone":57,"minecraft:potion":1,"minecraft:bucket":73,"minecraft:pumpkin_pie":13,"minecraft:yellow_bed":1,"minecraft:dandelion":1,"minecraft:jukebox":1,"minecraft:gray_wool":73,"minecraft:smooth_stone":2},"minecraft:crafted":{"minecraft:brick":64,"minecraft:black_dye":94,"minecraft:oak_planks":148,"minecraft:smooth_stone":3,"minecraft:stone":3,"minecraft:suspicious_stew":10,"minecraft:iron_bars":16,"minecraft:bow":2,"minecraft:iron_boots":3,"minecraft:chest":17,"minecraft:stone_hoe":1,"minecraft:oak_slab":18,"minecraft:emerald":49,"minecraft:cauldron":2,"minecraft:crafting_table":6,"minecraft:spruce_planks":856,"minecraft:wooden_pickaxe":1,"minecraft:iron_helmet":2,"minecraft:campfire":34,"minecraft:apple":80,"minecraft:spruce_trapdoor":8,"minecraft:iron_chestplate":1,"minecraft:shield":1,"minecraft:stick":256,"minecraft:iron_ingot":51,"minecraft:iron_pickaxe":4,"minecraft:stone_sword":1,"minecraft:composter":1,"minecraft:spruce_fence_gate":23,"minecraft:shears":1,"minecraft:golden_carrot":6,"minecraft:cookie":270,"minecraft:jukebox":1,"minecraft:furnace":3,"minecraft:bone_meal":90,"minecraft:spruce_fence":147,"minecraft:white_carpet":3,"minecraft:diamond":9,"minecraft:spruce_stairs":124,"minecraft:black_concrete_powder":512,"minecraft:iron_axe":2,"minecraft:spruce_slab":132,"minecraft:stone_pickaxe":1,"minecraft:wheat":1053,"minecraft:iron_sword":3,"minecraft:bucket":2,"minecraft:stone_axe":1,"minecraft:bread":245,"minecraft:air":0,"minecraft:oak_boat":2,"minecraft:white_wool":2,"minecraft:wooden_axe":1,"minecraft:iron_shovel":2,"minecraft:iron_leggings":2,"minecraft:white_bed":2,"minecraft:pumpkin_pie":48,"minecraft:torch":136},"minecraft:dropped":{"minecraft:guster_pottery_sherd":2,"minecraft:iron_sword":1,"minecraft:brown_mushroom":2,"minecraft:glass_bottle":1,"minecraft:diamond":31,"minecraft:cookie":234,"minecraft:silence_armor_trim_smithing_template":1,"minecraft:spruce_leaves":3,"minecraft:dirt":25,"minecraft:scrape_pottery_sherd":1,"minecraft:pumpkin_pie":24,"minecraft:amethyst_shard":22,"minecraft:iron_pickaxe":1,"minecraft:bone":4,"minecraft:music_disc_otherside":1,"minecraft:wheat":2,"minecraft:beetroot":2,"minecraft:rotten_flesh":21,"minecraft:enchanted_golden_apple":1,"minecraft:oak_planks":24,"minecraft:fern":6,"minecraft:waxed_copper_block":1,"minecraft:poppy":12,"minecraft:tipped_arrow":6,"minecraft:gunpowder":2,"minecraft:beetroot_seeds":4,"minecraft:egg":1,"minecraft:enchanted_book":4,"minecraft:water_bucket":1,"minecraft:bread":152,"minecraft:wheat_seeds":58,"minecraft:diamond_leggings":1,"minecraft:iron_helmet":1,"minecraft:cobblestone":28,"minecraft:polished_tuff":2,"minecraft:apple":81,"minecraft:stick":154,"minecraft:golden_carrot":3,"minecraft:sculk_catalyst":1,"minecraft:potion":1,"minecraft:iron_leggings":1,"minecraft:bucket":11,"minecraft:spruce_sapling":13,"minecraft:furnace":1,"minecraft:tuff_bricks":6,"minecraft:sweet_berries":14,"minecraft:bowl":9,"minecraft:diamond_hoe":2,"minecraft:clay_ball":64,"minecraft:iron_boots":1,"minecraft:suspicious_stew":1,"minecraft:spruce_planks":272,"minecraft:spider_eye":4,"minecraft:bow":1,"minecraft:brick":128},"minecraft:picked_up":{"minecraft:iron_chestplate":25,"minecraft:wheat":10,"minecraft:lead":6,"minecraft:potion":44,"minecraft:enchanted_book":45,"minecraft:golden_shovel":2,"minecraft:music_disc_cat":4,"minecraft:string":606,"minecraft:iron_leggings":15,"minecraft:experience_bottle":4,"minecraft:beetroot":2,"minecraft:diamond_leggings":5,"minecraft:cobbled_deepslate":83,"minecraft:smooth_stone":1,"minecraft:bucket":16,"minecraft:spruce_planks":773,"minecraft:white_tulip":1,"minecraft:trial_key":6,"minecraft:iron_pickaxe":29,"minecraft:enchanted_golden_apple":6,"minecraft:furnace":14,"minecraft:iron_boots":21,"minecraft:tipped_arrow":18,"minecraft:golden_helmet":2,"minecraft:stick":756,"minecraft:composter":11,"minecraft:torch":434,"minecraft:porkchop":75,"minecraft:pointed_dripstone":6,"minecraft:diorite":207,"minecraft:cauldron":1,"minecraft:black_dye":90,"minecraft:stone_sword":1,"minecraft:honey_bottle":29,"minecraft:rotten_flesh":142,"minecraft:cobblestone":578,"minecraft:feather":2,"minecraft:water_bucket":19,"minecraft:black_bed":1,"minecraft:potato":7,"minecraft:flint":52,"minecraft:tuff":3,"minecraft:silence_armor_trim_smithing_template":4,"minecraft:lapis_lazuli":38,"minecraft:dirt":274,"minecraft:disc_fragment_5":8,"minecraft:bone":72,"minecraft:bow":14,"minecraft:wheat_seeds":85,"minecraft:raw_gold":6,"minecraft:grindstone":1,"minecraft:bolt_armor_trim_smithing_template":8,"minecraft:guster_banner_pattern":1,"minecraft:fletching_table":2,"minecraft:diamond_helmet":1,"minecraft:stone_hoe":3,"minecraft:scrape_pottery_sherd":1,"minecraft:oak_planks":27,"minecraft:music_disc_13":2,"minecraft:sand":194,"minecraft:ink_sac":102,"minecraft:grass_block":15,"minecraft:diamond_block":1,"minecraft:black_concrete_powder":1710,"minecraft:diamond":415,"minecraft:spruce_boat":3,"minecraft:granite":192,"minecraft:crossbow":1,"minecraft:breeze_rod":12,"minecraft:golden_apple":2,"minecraft:emerald":152,"minecraft:bread":337,"minecraft:music_disc_precipice":1,"minecraft:oak_sapling":7,"minecraft:spruce_leaves":3,"minecraft:crafting_table":11,"minecraft:ominous_bottle":2,"minecraft:chicken":3,"minecraft:clay_ball":2416,"minecraft:brown_mushroom":2,"minecraft:gold_block":11,"minecraft:brick":152,"minecraft:shield":18,"minecraft:wind_charge":19,"minecraft:iron_axe":19,"minecraft:wooden_sword":1,"minecraft:compass":23,"minecraft:white_carpet":1,"minecraft:iron_shovel":8,"minecraft:beef":10,"minecraft:music_disc_otherside":3,"minecraft:echo_shard":9,"minecraft:iron_nugget":44,"minecraft:poppy":26,"minecraft:spruce_slab":12,"minecraft:guster_pottery_sherd":2,"minecraft:chest":12,"minecraft:diamond_hoe":17,"minecraft:spruce_trapdoor":6,"minecraft:waxed_oxidized_copper":1,"minecraft:egg":18,"minecraft:raw_iron":84,"minecraft:bowl":22,"minecraft:spruce_fence":123,"minecraft:fire_charge":2,"minecraft:flow_pottery_sherd":1,"minecraft:cookie":262,"minecraft:carrot":509,"minecraft:redstone":24,"minecraft:arrow":483,"minecraft:diamond_chestplate":3,"minecraft:beetroot_seeds":4,"minecraft:pumpkin_pie":180,"minecraft:diamond_boots":2,"minecraft:hay_block":173,"minecraft:saddle":1,"minecraft:tuff_bricks":9,"minecraft:mutton":36,"minecraft:white_wool":12,"minecraft:oxeye_daisy":1,"minecraft:golden_carrot":3,"minecraft:leather":6,"minecraft:fern":6,"minecraft:oak_log":39,"minecraft:waxed_copper_block":3,"minecraft:yellow_bed":1,"minecraft:gunpowder":13,"minecraft:paper":40,"minecraft:apple":180,"minecraft:iron_ingot":365,"minecraft:stone_pickaxe":1,"minecraft:cooked_chicken":10,"minecraft:iron_sword":21,"minecraft:book":113,"minecraft:sculk_catalyst":3,"minecraft:oak_slab":11,"minecraft:emerald_block":1,"minecraft:sweet_berries":52,"minecraft:sculk":88,"minecraft:dandelion":2,"minecraft:gravel":467,"minecraft:lava_bucket":11,"minecraft:amethyst_shard":87,"minecraft:spruce_sapling":78,"minecraft:blast_furnace":6,"minecraft:white_bed":3,"minecraft:spruce_log":1276,"minecraft:polished_tuff":3,"minecraft:spider_eye":21,"minecraft:slime_ball":80,"minecraft:stone_axe":4,"minecraft:iron_helmet":15,"minecraft:diamond_axe":3,"minecraft:gray_wool":82,"minecraft:baked_potato":10,"minecraft:black_wool":8,"minecraft:coal":238},"minecraft:killed":{"minecraft:cave_spider":1,"minecraft:witch":1,"minecraft:spider":35,"minecraft:skeleton":17,"minecraft:pig":2,"minecraft:iron_golem":2,"minecraft:creeper":2,"minecraft:sheep":10,"minecraft:zombie":37,"minecraft:stray":6,"minecraft:cow":1,"minecraft:slime":39,"minecraft:horse":1,"minecraft:drowned":1,"minecraft:squid":18,"minecraft:breeze":3,"minecraft:villager":5}},"DataVersion":3953}