{"stats":{"minecraft:crafted":{"minecraft:oak_planks":148,"minecraft:smooth_stone":3,"minecraft:stone":3,"minecraft:suspicious_stew":10,"minecraft:iron_bars":16,"minecraft:iron_boots":3,"minecraft:bow":2,"minecraft:chest":12,"minecraft:oak_slab":18,"minecraft:emerald":49,"minecraft:cauldron":2,"minecraft:crafting_table":4,"minecraft:spruce_planks":856,"minecraft:wooden_pickaxe":1,"minecraft:iron_helmet":2,"minecraft:campfire":34,"minecraft:apple":80,"minecraft:spruce_trapdoor":8,"minecraft:iron_chestplate":1,"minecraft:shield":1,"minecraft:stick":256,"minecraft:iron_ingot":51,"minecraft:iron_pickaxe":4,"minecraft:stone_sword":1,"minecraft:composter":1,"minecraft:spruce_fence_gate":23,"minecraft:golden_carrot":6,"minecraft:cookie":270,"minecraft:jukebox":1,"minecraft:furnace":3,"minecraft:bone_meal":84,"minecraft:spruce_fence":147,"minecraft:diamond":9,"minecraft:spruce_stairs":124,"minecraft:iron_axe":2,"minecraft:spruce_slab":132,"minecraft:stone_pickaxe":1,"minecraft:wheat":981,"minecraft:iron_sword":2,"minecraft:bucket":2,"minecraft:stone_axe":1,"minecraft:bread":222,"minecraft:air":0,"minecraft:oak_boat":2,"minecraft:wooden_axe":1,"minecraft:iron_shovel":1,"minecraft:iron_leggings":2,"minecraft:white_bed":2,"minecraft:pumpkin_pie":48},"minecraft:picked_up":{"minecraft:iron_chestplate":23,"minecraft:wheat":5,"minecraft:lead":4,"minecraft:potion":41,"minecraft:enchanted_book":41,"minecraft:golden_shovel":2,"minecraft:music_disc_cat":3,"minecraft:string":441,"minecraft:iron_leggings":13,"minecraft:experience_bottle":2,"minecraft:beetroot":2,"minecraft:diamond_leggings":4,"minecraft:cobbled_deepslate":51,"minecraft:bucket":14,"minecraft:spruce_planks":605,"minecraft:white_tulip":1,"minecraft:trial_key":6,"minecraft:iron_pickaxe":24,"minecraft:enchanted_golden_apple":5,"minecraft:furnace":13,"minecraft:iron_boots":21,"minecraft:tipped_arrow":18,"minecraft:golden_helmet":1,"minecraft:stick":599,"minecraft:composter":11,"minecraft:torch":5,"minecraft:porkchop":74,"minecraft:pointed_dripstone":6,"minecraft:diorite":11,"minecraft:cauldron":1,"minecraft:stone_sword":1,"minecraft:honey_bottle":24,"minecraft:rotten_flesh":108,"minecraft:cobblestone":567,"minecraft:feather":2,"minecraft:water_bucket":19,"minecraft:potato":7,"minecraft:silence_armor_trim_smithing_template":3,"minecraft:lapis_lazuli":8,"minecraft:dirt":235,"minecraft:disc_fragment_5":8,"minecraft:bone":59,"minecraft:bow":10,"minecraft:wheat_seeds":77,"minecraft:raw_gold":6,"minecraft:grindstone":1,"minecraft:bolt_armor_trim_smithing_template":8,"minecraft:guster_banner_pattern":1,"minecraft:fletching_table":2,"minecraft:diamond_helmet":1,"minecraft:oak_planks":27,"minecraft:scrape_pottery_sherd":1,"minecraft:music_disc_13":2,"minecraft:grass_block":14,"minecraft:diamond_block":1,"minecraft:diamond":202,"minecraft:spruce_boat":3,"minecraft:crossbow":1,"minecraft:breeze_rod":12,"minecraft:emerald":148,"minecraft:bread":321,"minecraft:music_disc_precipice":1,"minecraft:oak_sapling":7,"minecraft:crafting_table":10,"minecraft:ominous_bottle":2,"minecraft:chicken":1,"minecraft:clay_ball":2416,"minecraft:brown_mushroom":2,"minecraft:gold_block":11,"minecraft:brick":136,"minecraft:shield":14,"minecraft:wind_charge":11,"minecraft:iron_axe":18,"minecraft:compass":21,"minecraft:iron_shovel":3,"minecraft:beef":10,"minecraft:music_disc_otherside":3,"minecraft:echo_shard":6,"minecraft:iron_nugget":44,"minecraft:poppy":19,"minecraft:spruce_slab":9,"minecraft:guster_pottery_sherd":2,"minecraft:chest":9,"minecraft:diamond_hoe":17,"minecraft:spruce_trapdoor":2,"minecraft:waxed_oxidized_copper":1,"minecraft:egg":18,"minecraft:raw_iron":84,"minecraft:bowl":21,"minecraft:spruce_fence":95,"minecraft:flow_pottery_sherd":1,"minecraft:cookie":262,"minecraft:carrot":501,"minecraft:arrow":478,"minecraft:diamond_chestplate":2,"minecraft:beetroot_seeds":4,"minecraft:pumpkin_pie":155,"minecraft:diamond_boots":1,"minecraft:hay_block":173,"minecraft:saddle":1,"minecraft:tuff_bricks":9,"minecraft:mutton":22,"minecraft:white_wool":12,"minecraft:oxeye_daisy":1,"minecraft:golden_carrot":3,"minecraft:leather":4,"minecraft:oak_log":39,"minecraft:waxed_copper_block":3,"minecraft:yellow_bed":1,"minecraft:gunpowder":13,"minecraft:paper":36,"minecraft:apple":180,"minecraft:iron_ingot":323,"minecraft:stone_pickaxe":1,"minecraft:cooked_chicken":10,"minecraft:iron_sword":17,"minecraft:book":102,"minecraft:sculk_catalyst":3,"minecraft:emerald_block":1,"minecraft:sweet_berries":52,"minecraft:sculk":62,"minecraft:dandelion":2,"minecraft:gravel":1,"minecraft:lava_bucket":9,"minecraft:amethyst_shard":65,"minecraft:spruce_sapling":58,"minecraft:blast_furnace":6,"minecraft:white_bed":3,"minecraft:spruce_log":1142,"minecraft:polished_tuff":3,"minecraft:spider_eye":19,"minecraft:slime_ball":36,"minecraft:stone_axe":3,"minecraft:iron_helmet":15,"minecraft:diamond_axe":2,"minecraft:gray_wool":82,"minecraft:coal":238},"minecraft:custom":{"minecraft:interact_with_crafting_table":65,"minecraft:open_barrel":11,"minecraft:leave_game":10,"minecraft:time_since_death":4642,"minecraft:sprint_one_cm":1216057,"minecraft:damage_blocked_by_shield":3770,"minecraft:drop":114,"minecraft:talked_to_villager":49,"minecraft:play_time":512353,"minecraft:deaths":23,"minecraft:jump":8991,"minecraft:walk_on_water_one_cm":51206,"minecraft:interact_with_furnace":74,"minecraft:play_record":1,"minecraft:traded_with_villager":107,"minecraft:sleep_in_bed":9,"minecraft:damage_dealt":21515,"minecraft:crouch_one_cm":152919,"minecraft:inspect_dispenser":12,"minecraft:mob_kills":154,"minecraft:climb_one_cm":7505,"minecraft:walk_one_cm":612535,"minecraft:sneak_time":43725,"minecraft:walk_under_water_one_cm":57369,"minecraft:boat_one_cm":9687,"minecraft:total_world_time":512535,"minecraft:time_since_rest":4668,"minecraft:damage_taken":13370,"minecraft:swim_one_cm":96178,"minecraft:fly_one_cm":1695030,"minecraft:open_chest":300,"minecraft:fall_one_cm":325997},"minecraft:broken":{"minecraft:iron_boots":1,"minecraft:golden_shovel":1,"minecraft:wooden_axe":1,"minecraft:iron_axe":1,"minecraft:iron_helmet":1},"minecraft:mined":{"minecraft:spruce_planks":8,"minecraft:white_bed":1,"minecraft:sculk_vein":5,"minecraft:spruce_trapdoor":2,"minecraft:potted_dead_bush":1,"minecraft:grass_block":127,"minecraft:composter":10,"minecraft:tuff_bricks":3,"minecraft:spawner":1,"minecraft:tall_seagrass":2,"minecraft:iron_ore":77,"minecraft:cobbled_deepslate":2,"minecraft:fire":3,"minecraft:polished_tuff":2,"minecraft:fletching_table":2,"minecraft:pointed_dripstone":1,"minecraft:spruce_slab":2,"minecraft:powder_snow":41,"minecraft:clay":123,"minecraft:blast_furnace":1,"minecraft:chest":7,"minecraft:cobblestone":23,"minecraft:grindstone":1,"minecraft:cauldron":1,"minecraft:seagrass":3,"minecraft:wheat":54,"minecraft:waxed_copper_block":1,"minecraft:oak_log":23,"minecraft:beetroots":5,"minecraft:waxed_oxidized_copper":1,"minecraft:dirt":31,"minecraft:oak_leaves":1,"minecraft:deepslate":30,"minecraft:deepslate_diamond_ore":74,"minecraft:decorated_pot":33,"minecraft:spruce_leaves":88,"minecraft:moss_block":1,"minecraft:hay_block":117,"minecraft:furnace":4,"minecraft:carrots":78,"minecraft:gold_block":1,"minecraft:potatoes":12,"minecraft:packed_ice":1,"minecraft:stone":114,"minecraft:dandelion":1,"minecraft:crafting_table":6,"minecraft:short_grass":35,"minecraft:emerald_ore":2,"minecraft:sculk_sensor":4,"minecraft:tall_grass":14,"minecraft:sculk":6,"minecraft:diorite":11,"minecraft:gray_wool":65,"minecraft:sweet_berry_bush":9,"minecraft:ice":1,"minecraft:spruce_log":628,"minecraft:yellow_bed":1,"minecraft:coal_ore":17,"minecraft:flower_pot":1,"minecraft:cobweb":80,"minecraft:deepslate_emerald_ore":2,"minecraft:fern":3},"minecraft:killed":{"minecraft:cave_spider":1,"minecraft:spider":33,"minecraft:skeleton":14,"minecraft:pig":2,"minecraft:iron_golem":2,"minecraft:creeper":2,"minecraft:sheep":10,"minecraft:zombie":31,"minecraft:stray":6,"minecraft:cow":1,"minecraft:slime":39,"minecraft:horse":1,"minecraft:breeze":3,"minecraft:villager":5},"minecraft:used":{"minecraft:iron_shovel":175,"minecraft:spruce_slab":3,"minecraft:diamond_hoe":87,"minecraft:chest":19,"minecraft:shield":130,"minecraft:iron_sword":384,"minecraft:iron_chestplate":3,"minecraft:carrot":71,"minecraft:spruce_boat":1,"minecraft:waxed_oxidized_copper":1,"minecraft:lava_bucket":6,"minecraft:grass_block":14,"minecraft:iron_helmet":1,"minecraft:bow":36,"minecraft:furnace":12,"minecraft:oak_sapling":9,"minecraft:gold_block":1,"minecraft:egg":6,"minecraft:stone_pickaxe":17,"minecraft:oak_planks":6,"minecraft:wooden_pickaxe":16,"minecraft:composter":11,"minecraft:white_wool":4,"minecraft:polished_tuff":1,"minecraft:bread":116,"minecraft:oak_boat":2,"minecraft:bone_meal":84,"minecraft:stone_sword":117,"minecraft:flint_and_steel":14,"minecraft:spruce_planks":17,"minecraft:cooked_chicken":2,"minecraft:trial_key":6,"minecraft:torch":2,"minecraft:dirt":198,"minecraft:golden_shovel":20,"minecraft:wooden_axe":30,"minecraft:iron_axe":713,"minecraft:iron_boots":5,"minecraft:golden_carrot":6,"minecraft:cobbled_deepslate":14,"minecraft:pointed_dripstone":5,"minecraft:iron_leggings":1,"minecraft:water_bucket":68,"minecraft:baked_potato":6,"minecraft:cauldron":3,"minecraft:fletching_table":2,"minecraft:crafting_table":10,"minecraft:white_bed":5,"minecraft:spruce_log":34,"minecraft:oxeye_daisy":1,"minecraft:iron_pickaxe":353,"minecraft:suspicious_stew":9,"minecraft:spruce_trapdoor":8,"minecraft:spruce_sapling":42,"minecraft:stone_axe":50,"minecraft:cobblestone":53,"minecraft:potion":1,"minecraft:bucket":71,"minecraft:yellow_bed":1,"minecraft:pumpkin_pie":13,"minecraft:dandelion":1,"minecraft:gray_wool":73,"minecraft:jukebox":1,"minecraft:smooth_stone":2},"minecraft:dropped":{"minecraft:guster_pottery_sherd":2,"minecraft:iron_sword":1,"minecraft:brown_mushroom":2,"minecraft:glass_bottle":1,"minecraft:diamond":31,"minecraft:cookie":234,"minecraft:silence_armor_trim_smithing_template":1,"minecraft:dirt":22,"minecraft:scrape_pottery_sherd":1,"minecraft:pumpkin_pie":24,"minecraft:amethyst_shard":22,"minecraft:iron_pickaxe":1,"minecraft:bone":4,"minecraft:music_disc_otherside":1,"minecraft:wheat":2,"minecraft:beetroot":2,"minecraft:rotten_flesh":11,"minecraft:oak_planks":24,"minecraft:enchanted_golden_apple":1,"minecraft:waxed_copper_block":1,"minecraft:poppy":8,"minecraft:tipped_arrow":6,"minecraft:gunpowder":2,"minecraft:beetroot_seeds":4,"minecraft:egg":1,"minecraft:water_bucket":1,"minecraft:enchanted_book":4,"minecraft:bread":152,"minecraft:wheat_seeds":53,"minecraft:diamond_leggings":1,"minecraft:iron_helmet":1,"minecraft:cobblestone":27,"minecraft:polished_tuff":2,"minecraft:apple":81,"minecraft:stick":154,"minecraft:golden_carrot":3,"minecraft:sculk_catalyst":1,"minecraft:potion":1,"minecraft:iron_leggings":1,"minecraft:bucket":11,"minecraft:spruce_sapling":2,"minecraft:furnace":1,"minecraft:tuff_bricks":6,"minecraft:sweet_berries":14,"minecraft:bowl":9,"minecraft:diamond_hoe":2,"minecraft:clay_ball":64,"minecraft:iron_boots":1,"minecraft:suspicious_stew":1,"minecraft:spruce_planks":272,"minecraft:spider_eye":3,"minecraft:bow":1,"minecraft:brick":128},"minecraft:killed_by":{"minecraft:creeper":2,"minecraft:zombie":3,"minecraft:player":1,"minecraft:iron_golem":1,"minecraft:skeleton":5,"minecraft:phantom":1}},"DataVersion":3953}