{"stats":{"minecraft:broken":{"minecraft:iron_boots":1,"minecraft:iron_chestplate":1,"minecraft:iron_leggings":1,"minecraft:shield":1,"minecraft:iron_axe":2,"minecraft:iron_sword":1,"minecraft:iron_helmet":1},"minecraft:mined":{"minecraft:spruce_planks":1,"minecraft:white_bed":4,"minecraft:oak_sapling":8,"minecraft:deepslate_diamond_ore":50,"minecraft:sculk_vein":3,"minecraft:glow_lichen":1,"minecraft:granite":1,"minecraft:spruce_fence":6,"minecraft:grass_block":18,"minecraft:decorated_pot":7,"minecraft:spruce_leaves":289,"minecraft:tuff_bricks":4,"minecraft:large_fern":4,"minecraft:furnace":6,"minecraft:carrots":14,"minecraft:iron_ore":71,"minecraft:fire":2,"minecraft:cobbled_deepslate":19,"minecraft:andesite":1,"minecraft:deepslate_lapis_ore":4,"minecraft:fletching_table":7,"minecraft:gold_block":1,"minecraft:dirt_path":1,"minecraft:pointed_dripstone":2,"minecraft:deepslate_iron_ore":13,"minecraft:stone":192,"minecraft:deepslate_redstone_ore":7,"minecraft:spruce_door":6,"minecraft:powder_snow":22,"minecraft:crafting_table":4,"minecraft:torch":6,"minecraft:short_grass":227,"minecraft:emerald_ore":7,"minecraft:poppy":5,"minecraft:chest":3,"minecraft:tall_grass":30,"minecraft:cobblestone":46,"minecraft:deepslate_gold_ore":9,"minecraft:lapis_ore":1,"minecraft:wall_torch":1,"minecraft:sculk":1,"minecraft:gray_wool":52,"minecraft:wheat":18,"minecraft:spruce_log":690,"minecraft:birch_leaves":11,"minecraft:waxed_copper_block":1,"minecraft:coal_ore":118,"minecraft:oak_log":77,"minecraft:sand":123,"minecraft:gravel":2,"minecraft:dirt":22,"minecraft:cobweb":24,"minecraft:gold_ore":3,"minecraft:deepslate":41,"minecraft:oak_leaves":64,"minecraft:fern":2},"minecraft:killed_by":{"minecraft:creeper":2,"minecraft:skeleton":4,"minecraft:zombie":2},"minecraft:custom":{"minecraft:mob_kills":255,"minecraft:animals_bred":3,"minecraft:fill_cauldron":1,"minecraft:interact_with_crafting_table":71,"minecraft:open_barrel":12,"minecraft:leave_game":9,"minecraft:time_since_death":108759,"minecraft:climb_one_cm":7480,"minecraft:sprint_one_cm":1042641,"minecraft:walk_one_cm":1759399,"minecraft:damage_blocked_by_shield":3488,"minecraft:drop":66,"minecraft:talked_to_villager":31,"minecraft:play_time":579042,"minecraft:sneak_time":37068,"minecraft:deaths":9,"minecraft:walk_under_water_one_cm":84645,"minecraft:boat_one_cm":13983,"minecraft:jump":7715,"minecraft:interact_with_blast_furnace":2,"minecraft:walk_on_water_one_cm":72499,"minecraft:total_world_time":579042,"minecraft:interact_with_furnace":144,"minecraft:traded_with_villager":16,"minecraft:sleep_in_bed":9,"minecraft:time_since_rest":109818,"minecraft:damage_taken":9214,"minecraft:damage_dealt":34441,"minecraft:player_kills":1,"minecraft:swim_one_cm":158502,"minecraft:fly_one_cm":1048253,"minecraft:open_chest":276,"minecraft:crouch_one_cm":129089,"minecraft:use_cauldron":1,"minecraft:inspect_dispenser":5,"minecraft:fall_one_cm":205866,"minecraft:horse_one_cm":177905},"minecraft:used":{"minecraft:beetroot":1,"minecraft:stone_sword":9,"minecraft:iron_shovel":95,"minecraft:spruce_slab":3,"minecraft:poppy":1,"minecraft:diamond_hoe":22,"minecraft:chest":13,"minecraft:spruce_planks":18,"minecraft:shield":74,"minecraft:iron_sword":695,"minecraft:rotten_flesh":1,"minecraft:trial_key":6,"minecraft:torch":54,"minecraft:dirt":36,"minecraft:carrot":21,"minecraft:golden_shovel":12,"minecraft:spruce_fence":12,"minecraft:granite":1,"minecraft:obsidian":3,"minecraft:spruce_boat":6,"minecraft:lava_bucket":1,"minecraft:iron_axe":1048,"minecraft:diamond_chestplate":2,"minecraft:bow":54,"minecraft:oak_sapling":18,"minecraft:furnace":12,"minecraft:egg":2,"minecraft:cobbled_deepslate":33,"minecraft:iron_leggings":1,"minecraft:short_grass":47,"minecraft:wheat_seeds":37,"minecraft:water_bucket":35,"minecraft:spruce_door":6,"minecraft:stone_pickaxe":65,"minecraft:wooden_pickaxe":3,"minecraft:fletching_table":8,"minecraft:cookie":195,"minecraft:crafting_table":11,"minecraft:crossbow":86,"minecraft:white_bed":4,"minecraft:shears":81,"minecraft:spruce_log":58,"minecraft:diamond_pickaxe":164,"minecraft:bread":96,"minecraft:iron_pickaxe":380,"minecraft:suspicious_stew":1,"minecraft:spruce_sapling":68,"minecraft:gravel":2,"minecraft:stone_axe":19,"minecraft:diamond_sword":83,"minecraft:wooden_sword":15,"minecraft:cobblestone":158,"minecraft:bucket":48,"minecraft:gray_wool":44,"minecraft:pumpkin_pie":10,"minecraft:diamond_leggings":1,"minecraft:oak_boat":1,"minecraft:bone_meal":111},"minecraft:dropped":{"minecraft:iron_sword":2,"minecraft:wheat_seeds":22,"minecraft:oak_log":16,"minecraft:cobblestone":3,"minecraft:feather":4,"minecraft:stick":2,"minecraft:lava_bucket":3,"minecraft:dirt":20,"minecraft:gray_wool":17,"minecraft:ink_sac":18,"minecraft:scrape_pottery_sherd":1,"minecraft:iron_pickaxe":4,"minecraft:string":4,"minecraft:white_wool":1,"minecraft:music_disc_cat":1,"minecraft:spruce_sapling":5,"minecraft:stone_sword":1,"minecraft:pointed_dripstone":2,"minecraft:oak_planks":4,"minecraft:spruce_fence":3,"minecraft:wind_charge":4,"minecraft:poppy":6,"minecraft:shield":1,"minecraft:gunpowder":2,"minecraft:trial_key":3,"minecraft:diamond_chestplate":1,"minecraft:spruce_planks":3,"minecraft:iron_chestplate":1,"minecraft:spider_eye":1,"minecraft:spruce_log":172,"minecraft:bow":1,"minecraft:egg":5},"minecraft:crafted":{"minecraft:brick":360,"minecraft:wooden_sword":1,"minecraft:oak_planks":252,"minecraft:barrel":9,"minecraft:furnace":11,"minecraft:bone_meal":111,"minecraft:spruce_fence":9,"minecraft:diamond_helmet":2,"minecraft:bow":1,"minecraft:diamond_leggings":1,"minecraft:iron_axe":2,"minecraft:spruce_slab":24,"minecraft:stone_pickaxe":1,"minecraft:chest":7,"minecraft:diamond_boots":2,"minecraft:spruce_boat":2,"minecraft:bricks":106,"minecraft:diamond_sword":1,"minecraft:emerald":16,"minecraft:crafting_table":8,"minecraft:spruce_planks":524,"minecraft:wooden_pickaxe":1,"minecraft:iron_sword":3,"minecraft:spruce_door":6,"minecraft:fletching_table":1,"minecraft:bucket":4,"minecraft:air":0,"minecraft:spruce_trapdoor":84,"minecraft:iron_chestplate":2,"minecraft:diamond_pickaxe":1,"minecraft:shield":2,"minecraft:stick":708,"minecraft:iron_ingot":95,"minecraft:iron_pickaxe":2,"minecraft:iron_shovel":1,"minecraft:shears":1,"minecraft:torch":60,"minecraft:spruce_fence_gate":6,"minecraft:diamond_chestplate":3},"minecraft:picked_up":{"minecraft:iron_chestplate":2,"minecraft:crafting_table":7,"minecraft:wheat":19,"minecraft:chicken":7,"minecraft:suspicious_stew":1,"minecraft:lead":9,"minecraft:diamond_sword":1,"minecraft:enchanted_book":8,"minecraft:gold_block":2,"minecraft:potion":6,"minecraft:golden_shovel":1,"minecraft:brick":282,"minecraft:shield":7,"minecraft:wind_charge":6,"minecraft:music_disc_cat":1,"minecraft:string":139,"minecraft:iron_axe":7,"minecraft:wooden_sword":1,"minecraft:iron_leggings":4,"minecraft:experience_bottle":2,"minecraft:beetroot":1,"minecraft:diamond_leggings":1,"minecraft:cobbled_deepslate":74,"minecraft:bucket":10,"minecraft:spruce_planks":264,"minecraft:beef":2,"minecraft:music_disc_otherside":2,"minecraft:echo_shard":3,"minecraft:trial_key":9,"minecraft:oak_boat":1,"minecraft:iron_nugget":56,"minecraft:poppy":7,"minecraft:iron_pickaxe":5,"minecraft:enchanted_golden_apple":1,"minecraft:chest":7,"minecraft:furnace":6,"minecraft:diamond_hoe":3,"minecraft:phantom_membrane":4,"minecraft:iron_boots":5,"minecraft:egg":13,"minecraft:tipped_arrow":18,"minecraft:raw_iron":133,"minecraft:stick":116,"minecraft:composter":1,"minecraft:torch":19,"minecraft:spruce_fence":9,"minecraft:fire_charge":5,"minecraft:porkchop":12,"minecraft:flow_pottery_sherd":1,"minecraft:cookie":307,"minecraft:pointed_dripstone":2,"minecraft:carrot":43,"minecraft:redstone":60,"minecraft:stone_sword":1,"minecraft:rotten_flesh":80,"minecraft:arrow":158,"minecraft:honey_bottle":2,"minecraft:diamond_chestplate":2,"minecraft:pumpkin_pie":24,"minecraft:tuff_bricks":6,"minecraft:mutton":14,"minecraft:white_wool":2,"minecraft:cobblestone":336,"minecraft:feather":8,"minecraft:glow_ink_sac":2,"minecraft:water_bucket":4,"minecraft:leather":7,"minecraft:flint":2,"minecraft:oak_log":77,"minecraft:waxed_copper_block":1,"minecraft:gunpowder":25,"minecraft:silence_armor_trim_smithing_template":1,"minecraft:lapis_lazuli":60,"minecraft:dirt":79,"minecraft:paper":4,"minecraft:disc_fragment_5":4,"minecraft:bone":65,"minecraft:apple":81,"minecraft:bow":7,"minecraft:wheat_seeds":92,"minecraft:raw_gold":24,"minecraft:iron_ingot":13,"minecraft:stone_pickaxe":1,"minecraft:cooked_chicken":2,"minecraft:guster_banner_pattern":1,"minecraft:fletching_table":7,"minecraft:iron_sword":4,"minecraft:oak_planks":9,"minecraft:scrape_pottery_sherd":2,"minecraft:book":8,"minecraft:emerald_block":1,"minecraft:music_disc_13":2,"minecraft:sweet_berries":11,"minecraft:sculk":52,"minecraft:sand":140,"minecraft:gravel":2,"minecraft:amethyst_shard":11,"minecraft:spruce_sapling":92,"minecraft:ink_sac":18,"minecraft:spruce_log":684,"minecraft:white_bed":4,"minecraft:grass_block":1,"minecraft:spider_eye":47,"minecraft:spruce_door":8,"minecraft:polished_tuff":1,"minecraft:slime_ball":8,"minecraft:stone_axe":2,"minecraft:diamond":76,"minecraft:spruce_boat":8,"minecraft:black_wool":33,"minecraft:short_grass":78,"minecraft:granite":1,"minecraft:iron_helmet":3,"minecraft:crossbow":3,"minecraft:breeze_rod":4,"minecraft:golden_apple":1,"minecraft:gray_wool":61,"minecraft:emerald":32,"minecraft:bread":182,"minecraft:baked_potato":16,"minecraft:oak_sapling":13,"minecraft:coal":227,"minecraft:diamond_pickaxe":1,"minecraft:ender_pearl":7},"minecraft:killed":{"minecraft:spider":53,"minecraft:slime":14,"minecraft:phantom":3,"minecraft:skeleton":39,"minecraft:chicken":6,"minecraft:drowned":6,"minecraft:skeleton_horse":1,"minecraft:pig":4,"minecraft:zombie_villager":3,"minecraft:creeper":24,"minecraft:squid":10,"minecraft:sheep":2,"minecraft:trader_llama":2,"minecraft:zombie":65,"minecraft:stray":6,"minecraft:breeze":3,"minecraft:enderman":6,"minecraft:cow":1}},"DataVersion":3953}