{"stats":{"minecraft:mined":{"minecraft:spruce_planks":1,"minecraft:white_bed":4,"minecraft:oak_sapling":8,"minecraft:sculk_vein":3,"minecraft:granite":1,"minecraft:grass_block":24,"minecraft:tuff_bricks":4,"minecraft:iron_ore":84,"minecraft:cobbled_deepslate":19,"minecraft:fire":2,"minecraft:fletching_table":7,"minecraft:deepslate_lapis_ore":4,"minecraft:pointed_dripstone":2,"minecraft:dirt_path":1,"minecraft:deepslate_redstone_ore":7,"minecraft:powder_snow":22,"minecraft:torch":6,"minecraft:poppy":10,"minecraft:chest":3,"minecraft:cobblestone":49,"minecraft:wall_torch":1,"minecraft:wheat":58,"minecraft:waxed_copper_block":1,"minecraft:oak_log":77,"minecraft:sand":251,"minecraft:dirt":27,"minecraft:oak_leaves":64,"minecraft:deepslate":41,"minecraft:deepslate_diamond_ore":50,"minecraft:glow_lichen":1,"minecraft:spruce_fence":17,"minecraft:decorated_pot":7,"minecraft:spruce_leaves":291,"minecraft:large_fern":5,"minecraft:furnace":6,"minecraft:carrots":14,"minecraft:andesite":1,"minecraft:gold_block":1,"minecraft:deepslate_iron_ore":13,"minecraft:stone":298,"minecraft:spruce_door":6,"minecraft:crafting_table":4,"minecraft:short_grass":357,"minecraft:emerald_ore":7,"minecraft:tall_grass":42,"minecraft:lapis_ore":1,"minecraft:deepslate_gold_ore":9,"minecraft:sculk":1,"minecraft:gray_wool":52,"minecraft:spruce_log":698,"minecraft:birch_leaves":11,"minecraft:coal_ore":153,"minecraft:gravel":2,"minecraft:cobweb":24,"minecraft:gold_ore":3,"minecraft:fern":5},"minecraft:killed":{"minecraft:spider":55,"minecraft:skeleton":54,"minecraft:chicken":6,"minecraft:skeleton_horse":1,"minecraft:pig":5,"minecraft:zombie_villager":3,"minecraft:salmon":67,"minecraft:creeper":31,"minecraft:sheep":3,"minecraft:trader_llama":2,"minecraft:zombie":80,"minecraft:stray":6,"minecraft:cow":1,"minecraft:slime":14,"minecraft:phantom":3,"minecraft:drowned":14,"minecraft:squid":33,"minecraft:breeze":3,"minecraft:enderman":7},"minecraft:killed_by":{"minecraft:creeper":2,"minecraft:zombie":2,"minecraft:skeleton":4},"minecraft:custom":{"minecraft:animals_bred":11,"minecraft:interact_with_crafting_table":89,"minecraft:open_barrel":12,"minecraft:leave_game":12,"minecraft:time_since_death":115584,"minecraft:sprint_one_cm":1193660,"minecraft:damage_blocked_by_shield":4709,"minecraft:drop":82,"minecraft:talked_to_villager":34,"minecraft:play_time":699503,"minecraft:deaths":10,"minecraft:jump":9112,"minecraft:walk_on_water_one_cm":131461,"minecraft:interact_with_furnace":239,"minecraft:traded_with_villager":16,"minecraft:sleep_in_bed":11,"minecraft:damage_dealt":47209,"minecraft:player_kills":1,"minecraft:crouch_one_cm":129820,"minecraft:interact_with_smoker":2,"minecraft:use_cauldron":6,"minecraft:inspect_dispenser":5,"minecraft:horse_one_cm":177905,"minecraft:mob_kills":395,"minecraft:fill_cauldron":1,"minecraft:climb_one_cm":7795,"minecraft:walk_one_cm":2192561,"minecraft:sneak_time":37642,"minecraft:walk_under_water_one_cm":235369,"minecraft:boat_one_cm":13983,"minecraft:interact_with_blast_furnace":2,"minecraft:total_world_time":699503,"minecraft:time_since_rest":25914,"minecraft:damage_taken":10631,"minecraft:fly_one_cm":1228761,"minecraft:swim_one_cm":394892,"minecraft:open_chest":352,"minecraft:fall_one_cm":243240},"minecraft:picked_up":{"minecraft:iron_chestplate":2,"minecraft:wheat":63,"minecraft:suspicious_stew":1,"minecraft:lead":11,"minecraft:diamond_sword":2,"minecraft:potion":6,"minecraft:enchanted_book":8,"minecraft:golden_shovel":1,"minecraft:music_disc_cat":1,"minecraft:string":147,"minecraft:cooked_salmon":29,"minecraft:iron_leggings":4,"minecraft:experience_bottle":2,"minecraft:beetroot":1,"minecraft:diamond_leggings":1,"minecraft:cobbled_deepslate":74,"minecraft:bucket":11,"minecraft:spruce_planks":307,"minecraft:trial_key":9,"minecraft:iron_pickaxe":5,"minecraft:enchanted_golden_apple":1,"minecraft:iron_boots":6,"minecraft:furnace":6,"minecraft:tipped_arrow":18,"minecraft:stick":132,"minecraft:composter":1,"minecraft:torch":27,"minecraft:porkchop":14,"minecraft:pointed_dripstone":2,"minecraft:diorite":1,"minecraft:stone_sword":1,"minecraft:honey_bottle":2,"minecraft:rotten_flesh":121,"minecraft:cobblestone":443,"minecraft:feather":8,"minecraft:water_bucket":4,"minecraft:black_bed":1,"minecraft:flint":2,"minecraft:silence_armor_trim_smithing_template":1,"minecraft:lapis_lazuli":60,"minecraft:dirt":96,"minecraft:disc_fragment_5":4,"minecraft:bone":80,"minecraft:bow":7,"minecraft:wheat_seeds":212,"minecraft:raw_gold":24,"minecraft:guster_banner_pattern":1,"minecraft:fletching_table":7,"minecraft:scrape_pottery_sherd":2,"minecraft:oak_planks":9,"minecraft:music_disc_13":2,"minecraft:sand":266,"minecraft:ink_sac":58,"minecraft:grass_block":1,"minecraft:diamond":76,"minecraft:spruce_boat":10,"minecraft:breeze_rod":4,"minecraft:crossbow":4,"minecraft:granite":1,"minecraft:bone_meal":3,"minecraft:golden_apple":1,"minecraft:emerald":32,"minecraft:bread":182,"minecraft:oak_sapling":13,"minecraft:diamond_pickaxe":2,"minecraft:crafting_table":9,"minecraft:chicken":10,"minecraft:gold_block":2,"minecraft:shield":8,"minecraft:brick":282,"minecraft:wind_charge":6,"minecraft:wooden_sword":1,"minecraft:iron_axe":8,"minecraft:iron_shovel":2,"minecraft:beef":2,"minecraft:music_disc_otherside":2,"minecraft:echo_shard":3,"minecraft:oak_boat":1,"minecraft:poppy":14,"minecraft:iron_nugget":56,"minecraft:chest":7,"minecraft:egg":13,"minecraft:diamond_hoe":4,"minecraft:phantom_membrane":6,"minecraft:raw_iron":145,"minecraft:spruce_fence":23,"minecraft:fire_charge":5,"minecraft:flow_pottery_sherd":1,"minecraft:cookie":327,"minecraft:carrot":43,"minecraft:redstone":90,"minecraft:arrow":206,"minecraft:diamond_chestplate":3,"minecraft:pumpkin_pie":24,"minecraft:shears":1,"minecraft:tuff_bricks":6,"minecraft:mutton":16,"minecraft:white_wool":3,"minecraft:glow_ink_sac":2,"minecraft:salmon":66,"minecraft:leather":12,"minecraft:fern":3,"minecraft:oak_log":77,"minecraft:waxed_copper_block":1,"minecraft:gunpowder":39,"minecraft:paper":4,"minecraft:apple":81,"minecraft:iron_ingot":14,"minecraft:stone_pickaxe":1,"minecraft:cooked_chicken":2,"minecraft:iron_sword":4,"minecraft:book":8,"minecraft:emerald_block":1,"minecraft:sweet_berries":11,"minecraft:sculk":52,"minecraft:gravel":2,"minecraft:amethyst_shard":11,"minecraft:spruce_sapling":92,"minecraft:white_bed":4,"minecraft:spruce_log":692,"minecraft:spruce_door":10,"minecraft:spider_eye":47,"minecraft:polished_tuff":1,"minecraft:slime_ball":8,"minecraft:stone_axe":2,"minecraft:short_grass":238,"minecraft:iron_helmet":4,"minecraft:gray_wool":127,"minecraft:baked_potato":16,"minecraft:black_wool":309,"minecraft:coal":296,"minecraft:ender_pearl":11},"minecraft:broken":{"minecraft:shears":1,"minecraft:iron_boots":1,"minecraft:iron_chestplate":1,"minecraft:iron_leggings":1,"minecraft:iron_sword":1,"minecraft:shield":1,"minecraft:iron_axe":2,"minecraft:iron_helmet":1},"minecraft:used":{"minecraft:beetroot":1,"minecraft:iron_shovel":228,"minecraft:diamond_hoe":22,"minecraft:spruce_slab":3,"minecraft:poppy":1,"minecraft:chest":15,"minecraft:shield":110,"minecraft:iron_sword":695,"minecraft:rotten_flesh":11,"minecraft:carrot":21,"minecraft:obsidian":3,"minecraft:spruce_boat":7,"minecraft:lava_bucket":1,"minecraft:bow":54,"minecraft:oak_sapling":18,"minecraft:furnace":12,"minecraft:egg":2,"minecraft:short_grass":197,"minecraft:spruce_door":6,"minecraft:stone_pickaxe":65,"minecraft:wooden_pickaxe":3,"minecraft:cookie":224,"minecraft:crossbow":114,"minecraft:black_bed":2,"minecraft:shears":212,"minecraft:bread":96,"minecraft:gravel":2,"minecraft:diamond_sword":337,"minecraft:wooden_sword":15,"minecraft:oak_boat":1,"minecraft:bone_meal":114,"minecraft:stone_sword":9,"minecraft:spruce_planks":18,"minecraft:cooked_salmon":10,"minecraft:cooked_chicken":3,"minecraft:trial_key":6,"minecraft:torch":55,"minecraft:dirt":50,"minecraft:golden_shovel":12,"minecraft:granite":1,"minecraft:spruce_fence":33,"minecraft:fern":3,"minecraft:iron_axe":1072,"minecraft:diamond_chestplate":2,"minecraft:cobbled_deepslate":33,"minecraft:iron_leggings":1,"minecraft:wheat_seeds":77,"minecraft:water_bucket":35,"minecraft:fletching_table":8,"minecraft:crafting_table":11,"minecraft:white_bed":4,"minecraft:spruce_log":58,"minecraft:smoker":1,"minecraft:diamond_pickaxe":321,"minecraft:suspicious_stew":1,"minecraft:iron_pickaxe":380,"minecraft:spruce_sapling":68,"minecraft:stone_axe":19,"minecraft:cobblestone":189,"minecraft:bucket":53,"minecraft:pumpkin_pie":10,"minecraft:gray_wool":44,"minecraft:diamond_leggings":1},"minecraft:crafted":{"minecraft:brick":360,"minecraft:black_dye":3,"minecraft:oak_planks":252,"minecraft:barrel":9,"minecraft:cooked_chicken":3,"minecraft:glass":126,"minecraft:diamond_helmet":2,"minecraft:diamond_leggings":1,"minecraft:bow":1,"minecraft:chest":9,"minecraft:bricks":106,"minecraft:smoker":1,"minecraft:emerald":16,"minecraft:crafting_table":8,"minecraft:spruce_planks":540,"minecraft:wooden_pickaxe":1,"minecraft:spruce_door":6,"minecraft:fletching_table":1,"minecraft:spruce_trapdoor":84,"minecraft:iron_chestplate":2,"minecraft:diamond_pickaxe":1,"minecraft:shield":2,"minecraft:stick":708,"minecraft:iron_ingot":104,"minecraft:iron_pickaxe":2,"minecraft:gold_ingot":12,"minecraft:black_bed":2,"minecraft:spruce_fence_gate":6,"minecraft:shears":2,"minecraft:wooden_sword":1,"minecraft:iron_nugget":9,"minecraft:furnace":11,"minecraft:bone_meal":114,"minecraft:spruce_fence":24,"minecraft:glass_pane":48,"minecraft:lantern":6,"minecraft:iron_axe":2,"minecraft:spruce_slab":24,"minecraft:stone_pickaxe":1,"minecraft:diamond_boots":2,"minecraft:spruce_boat":2,"minecraft:diamond_sword":1,"minecraft:iron_sword":3,"minecraft:cooked_salmon":2,"minecraft:bucket":4,"minecraft:air":0,"minecraft:iron_shovel":2,"minecraft:torch":76,"minecraft:diamond_chestplate":3},"minecraft:dropped":{"minecraft:iron_sword":2,"minecraft:oak_log":16,"minecraft:black_bed":1,"minecraft:dirt":20,"minecraft:scrape_pottery_sherd":1,"minecraft:iron_pickaxe":4,"minecraft:white_wool":1,"minecraft:pointed_dripstone":2,"minecraft:rotten_flesh":23,"minecraft:oak_planks":4,"minecraft:wind_charge":4,"minecraft:poppy":8,"minecraft:gunpowder":4,"minecraft:egg":5,"minecraft:black_dye":3,"minecraft:wheat_seeds":22,"minecraft:feather":4,"minecraft:cobblestone":79,"minecraft:coal":65,"minecraft:stick":2,"minecraft:lava_bucket":3,"minecraft:gray_wool":17,"minecraft:diorite":1,"minecraft:ink_sac":55,"minecraft:string":8,"minecraft:music_disc_cat":1,"minecraft:spruce_sapling":5,"minecraft:stone_sword":1,"minecraft:spruce_fence":6,"minecraft:shield":1,"minecraft:trial_key":3,"minecraft:diamond_chestplate":1,"minecraft:spruce_planks":3,"minecraft:iron_chestplate":1,"minecraft:spider_eye":1,"minecraft:spruce_log":172,"minecraft:bow":1,"minecraft:black_wool":58}},"DataVersion":3953}