{"stats":{"minecraft:crafted":{"minecraft:oak_planks":252,"minecraft:furnace":3,"minecraft:bone_meal":60,"minecraft:diamond_helmet":2,"minecraft:bow":1,"minecraft:diamond_leggings":1,"minecraft:iron_axe":1,"minecraft:stone_pickaxe":1,"minecraft:chest":7,"minecraft:diamond_boots":2,"minecraft:spruce_boat":1,"minecraft:emerald":16,"minecraft:crafting_table":4,"minecraft:spruce_planks":188,"minecraft:wooden_pickaxe":1,"minecraft:iron_sword":2,"minecraft:fletching_table":1,"minecraft:bucket":3,"minecraft:air":0,"minecraft:iron_chestplate":2,"minecraft:shield":1,"minecraft:stick":664,"minecraft:iron_ingot":90,"minecraft:iron_pickaxe":2,"minecraft:torch":28,"minecraft:diamond_chestplate":2},"minecraft:picked_up":{"minecraft:crafting_table":1,"minecraft:iron_chestplate":2,"minecraft:wheat":1,"minecraft:chicken":3,"minecraft:suspicious_stew":1,"minecraft:lead":3,"minecraft:potion":6,"minecraft:gold_block":1,"minecraft:enchanted_book":8,"minecraft:golden_shovel":1,"minecraft:shield":5,"minecraft:brick":90,"minecraft:wind_charge":4,"minecraft:music_disc_cat":1,"minecraft:string":131,"minecraft:iron_axe":4,"minecraft:iron_leggings":2,"minecraft:experience_bottle":2,"minecraft:beetroot":1,"minecraft:diamond_leggings":1,"minecraft:cobbled_deepslate":19,"minecraft:bucket":1,"minecraft:spruce_planks":20,"minecraft:beef":2,"minecraft:music_disc_otherside":2,"minecraft:echo_shard":3,"minecraft:trial_key":9,"minecraft:oak_boat":1,"minecraft:iron_nugget":56,"minecraft:iron_pickaxe":4,"minecraft:enchanted_golden_apple":1,"minecraft:chest":3,"minecraft:egg":5,"minecraft:diamond_hoe":3,"minecraft:iron_boots":2,"minecraft:furnace":6,"minecraft:tipped_arrow":18,"minecraft:stick":11,"minecraft:raw_iron":105,"minecraft:composter":1,"minecraft:torch":7,"minecraft:fire_charge":5,"minecraft:porkchop":2,"minecraft:flow_pottery_sherd":1,"minecraft:cookie":162,"minecraft:carrot":43,"minecraft:diamond_chestplate":1,"minecraft:stone_sword":1,"minecraft:rotten_flesh":39,"minecraft:arrow":52,"minecraft:honey_bottle":2,"minecraft:pumpkin_pie":24,"minecraft:tuff_bricks":6,"minecraft:mutton":12,"minecraft:white_wool":1,"minecraft:cobblestone":144,"minecraft:feather":8,"minecraft:glow_ink_sac":2,"minecraft:water_bucket":4,"minecraft:leather":2,"minecraft:flint":2,"minecraft:oak_log":77,"minecraft:waxed_copper_block":1,"minecraft:gunpowder":11,"minecraft:silence_armor_trim_smithing_template":1,"minecraft:lapis_lazuli":8,"minecraft:paper":4,"minecraft:dirt":28,"minecraft:disc_fragment_5":4,"minecraft:bone":36,"minecraft:apple":81,"minecraft:bow":4,"minecraft:wheat_seeds":25,"minecraft:raw_gold":6,"minecraft:cooked_chicken":2,"minecraft:iron_ingot":10,"minecraft:stone_pickaxe":1,"minecraft:guster_banner_pattern":1,"minecraft:fletching_table":7,"minecraft:iron_sword":3,"minecraft:oak_planks":9,"minecraft:scrape_pottery_sherd":2,"minecraft:book":8,"minecraft:emerald_block":1,"minecraft:music_disc_13":2,"minecraft:sculk":52,"minecraft:gravel":2,"minecraft:amethyst_shard":11,"minecraft:spruce_sapling":5,"minecraft:white_bed":4,"minecraft:spruce_log":66,"minecraft:polished_tuff":1,"minecraft:spider_eye":29,"minecraft:slime_ball":8,"minecraft:diamond":58,"minecraft:spruce_boat":3,"minecraft:stone_axe":1,"minecraft:crossbow":1,"minecraft:iron_helmet":1,"minecraft:granite":1,"minecraft:breeze_rod":4,"minecraft:golden_apple":1,"minecraft:gray_wool":61,"minecraft:emerald":30,"minecraft:bread":148,"minecraft:baked_potato":16,"minecraft:oak_sapling":13,"minecraft:coal":146},"minecraft:custom":{"minecraft:mob_kills":168,"minecraft:interact_with_crafting_table":36,"minecraft:open_barrel":12,"minecraft:leave_game":5,"minecraft:time_since_death":16722,"minecraft:climb_one_cm":6822,"minecraft:sprint_one_cm":587299,"minecraft:walk_one_cm":1026088,"minecraft:damage_blocked_by_shield":1663,"minecraft:drop":36,"minecraft:talked_to_villager":28,"minecraft:play_time":329885,"minecraft:sneak_time":35696,"minecraft:deaths":4,"minecraft:walk_under_water_one_cm":34706,"minecraft:boat_one_cm":5216,"minecraft:jump":4601,"minecraft:interact_with_blast_furnace":1,"minecraft:walk_on_water_one_cm":27496,"minecraft:total_world_time":329885,"minecraft:interact_with_furnace":94,"minecraft:traded_with_villager":16,"minecraft:sleep_in_bed":9,"minecraft:time_since_rest":0,"minecraft:damage_taken":5643,"minecraft:damage_dealt":23772,"minecraft:swim_one_cm":43772,"minecraft:fly_one_cm":622844,"minecraft:open_chest":183,"minecraft:crouch_one_cm":126318,"minecraft:fall_one_cm":141475,"minecraft:inspect_dispenser":5,"minecraft:horse_one_cm":177398},"minecraft:broken":{"minecraft:iron_boots":1,"minecraft:iron_chestplate":1,"minecraft:iron_helmet":1},"minecraft:mined":{"minecraft:white_bed":4,"minecraft:oak_sapling":8,"minecraft:deepslate_diamond_ore":32,"minecraft:sculk_vein":3,"minecraft:glow_lichen":1,"minecraft:granite":1,"minecraft:grass_block":9,"minecraft:decorated_pot":7,"minecraft:spruce_leaves":50,"minecraft:tuff_bricks":4,"minecraft:furnace":6,"minecraft:carrots":14,"minecraft:iron_ore":66,"minecraft:fire":2,"minecraft:fletching_table":7,"minecraft:gold_block":1,"minecraft:deepslate_iron_ore":4,"minecraft:dirt_path":1,"minecraft:stone":90,"minecraft:powder_snow":22,"minecraft:crafting_table":1,"minecraft:torch":1,"minecraft:short_grass":70,"minecraft:emerald_ore":7,"minecraft:tall_grass":27,"minecraft:cobblestone":17,"minecraft:lapis_ore":1,"minecraft:deepslate_gold_ore":3,"minecraft:sculk":1,"minecraft:gray_wool":52,"minecraft:spruce_log":67,"minecraft:birch_leaves":5,"minecraft:waxed_copper_block":1,"minecraft:oak_log":77,"minecraft:coal_ore":76,"minecraft:gravel":2,"minecraft:dirt":9,"minecraft:cobweb":24,"minecraft:oak_leaves":64,"minecraft:deepslate":20},"minecraft:killed":{"minecraft:spider":48,"minecraft:slime":14,"minecraft:skeleton":27,"minecraft:chicken":2,"minecraft:pig":2,"minecraft:zombie_villager":3,"minecraft:creeper":12,"minecraft:sheep":1,"minecraft:zombie":41,"minecraft:stray":6,"minecraft:breeze":3,"minecraft:cow":1,"minecraft:enderman":2},"minecraft:used":{"minecraft:beetroot":1,"minecraft:stone_sword":9,"minecraft:chest":9,"minecraft:shield":43,"minecraft:iron_sword":582,"minecraft:trial_key":6,"minecraft:torch":24,"minecraft:dirt":5,"minecraft:carrot":21,"minecraft:golden_shovel":12,"minecraft:granite":1,"minecraft:obsidian":3,"minecraft:spruce_boat":2,"minecraft:iron_axe":261,"minecraft:diamond_chestplate":1,"minecraft:bow":54,"minecraft:oak_sapling":18,"minecraft:furnace":4,"minecraft:water_bucket":17,"minecraft:stone_pickaxe":65,"minecraft:wooden_pickaxe":3,"minecraft:fletching_table":8,"minecraft:cookie":100,"minecraft:crafting_table":5,"minecraft:crossbow":13,"minecraft:white_bed":4,"minecraft:spruce_log":11,"minecraft:bread":67,"minecraft:iron_pickaxe":272,"minecraft:suspicious_stew":1,"minecraft:spruce_sapling":4,"minecraft:gravel":2,"minecraft:cobblestone":92,"minecraft:bucket":17,"minecraft:pumpkin_pie":10,"minecraft:oak_boat":1,"minecraft:bone_meal":60,"minecraft:gray_wool":44,"minecraft:diamond_leggings":1},"minecraft:dropped":{"minecraft:iron_sword":1,"minecraft:wheat_seeds":22,"minecraft:oak_log":16,"minecraft:feather":4,"minecraft:stick":2,"minecraft:gray_wool":17,"minecraft:scrape_pottery_sherd":1,"minecraft:iron_pickaxe":2,"minecraft:music_disc_cat":1,"minecraft:stone_sword":1,"minecraft:oak_planks":4,"minecraft:wind_charge":4,"minecraft:shield":1,"minecraft:gunpowder":2,"minecraft:trial_key":3,"minecraft:diamond_chestplate":1,"minecraft:spruce_planks":3,"minecraft:iron_chestplate":1,"minecraft:spruce_log":3,"minecraft:bow":1},"minecraft:killed_by":{"minecraft:creeper":1,"minecraft:zombie":2}},"DataVersion":3953}