{"stats":{"minecraft:mined":{"minecraft:spruce_planks":1,"minecraft:white_bed":4,"minecraft:oak_sapling":8,"minecraft:sculk_vein":3,"minecraft:granite":1,"minecraft:grass_block":28,"minecraft:tuff_bricks":4,"minecraft:raw_iron_block":1,"minecraft:cobbled_deepslate":19,"minecraft:iron_ore":124,"minecraft:fire":2,"minecraft:fletching_table":7,"minecraft:deepslate_lapis_ore":9,"minecraft:pointed_dripstone":2,"minecraft:dirt_path":1,"minecraft:deepslate_redstone_ore":11,"minecraft:powder_snow":22,"minecraft:torch":6,"minecraft:poppy":10,"minecraft:chest":3,"minecraft:cobblestone":53,"minecraft:sugar_cane":14,"minecraft:wall_torch":1,"minecraft:wheat":58,"minecraft:waxed_copper_block":1,"minecraft:oak_log":77,"minecraft:sand":251,"minecraft:dirt":27,"minecraft:oak_leaves":64,"minecraft:deepslate":114,"minecraft:tuff":46,"minecraft:deepslate_diamond_ore":60,"minecraft:glow_lichen":1,"minecraft:spruce_fence":17,"minecraft:decorated_pot":7,"minecraft:spruce_leaves":319,"minecraft:large_fern":5,"minecraft:spruce_sapling":1,"minecraft:furnace":6,"minecraft:carrots":14,"minecraft:andesite":1,"minecraft:gold_block":1,"minecraft:deepslate_iron_ore":81,"minecraft:stone":357,"minecraft:spruce_door":6,"minecraft:crafting_table":4,"minecraft:short_grass":361,"minecraft:emerald_ore":8,"minecraft:tall_grass":43,"minecraft:deepslate_gold_ore":30,"minecraft:lapis_ore":13,"minecraft:sculk":1,"minecraft:diorite":1,"minecraft:gray_wool":52,"minecraft:spruce_log":847,"minecraft:birch_leaves":11,"minecraft:coal_ore":201,"minecraft:gravel":25,"minecraft:cobweb":24,"minecraft:gold_ore":4,"minecraft:fern":6},"minecraft:killed":{"minecraft:spider":57,"minecraft:skeleton":65,"minecraft:chicken":6,"minecraft:skeleton_horse":2,"minecraft:pig":5,"minecraft:zombie_villager":3,"minecraft:salmon":67,"minecraft:creeper":33,"minecraft:sheep":3,"minecraft:trader_llama":2,"minecraft:zombie":95,"minecraft:stray":6,"minecraft:cow":1,"minecraft:slime":14,"minecraft:phantom":3,"minecraft:drowned":14,"minecraft:squid":33,"minecraft:breeze":3,"minecraft:enderman":7},"minecraft:killed_by":{"minecraft:creeper":2,"minecraft:zombie":2,"minecraft:skeleton":4},"minecraft:custom":{"minecraft:animals_bred":11,"minecraft:interact_with_crafting_table":97,"minecraft:open_barrel":12,"minecraft:leave_game":13,"minecraft:time_since_death":205131,"minecraft:sprint_one_cm":1295330,"minecraft:damage_blocked_by_shield":5579,"minecraft:drop":92,"minecraft:talked_to_villager":34,"minecraft:play_time":789050,"minecraft:deaths":10,"minecraft:jump":10443,"minecraft:walk_on_water_one_cm":148989,"minecraft:interact_with_furnace":241,"minecraft:traded_with_villager":16,"minecraft:sleep_in_bed":12,"minecraft:damage_dealt":52680,"minecraft:player_kills":1,"minecraft:crouch_one_cm":133263,"minecraft:interact_with_smoker":2,"minecraft:use_cauldron":8,"minecraft:inspect_dispenser":5,"minecraft:horse_one_cm":177905,"minecraft:mob_kills":427,"minecraft:fill_cauldron":1,"minecraft:climb_one_cm":7795,"minecraft:walk_one_cm":2506546,"minecraft:sneak_time":38632,"minecraft:walk_under_water_one_cm":241245,"minecraft:boat_one_cm":13983,"minecraft:interact_with_blast_furnace":2,"minecraft:total_world_time":789050,"minecraft:interact_with_stonecutter":1,"minecraft:time_since_rest":53604,"minecraft:damage_taken":11182,"minecraft:swim_one_cm":416208,"minecraft:fly_one_cm":1365538,"minecraft:open_chest":421,"minecraft:fall_one_cm":267313},"minecraft:picked_up":{"minecraft:iron_chestplate":2,"minecraft:wheat":63,"minecraft:suspicious_stew":1,"minecraft:lead":11,"minecraft:diamond_sword":2,"minecraft:potion":6,"minecraft:enchanted_book":8,"minecraft:golden_shovel":1,"minecraft:music_disc_cat":1,"minecraft:string":147,"minecraft:cooked_salmon":29,"minecraft:iron_leggings":4,"minecraft:experience_bottle":2,"minecraft:beetroot":1,"minecraft:diamond_leggings":1,"minecraft:cobbled_deepslate":137,"minecraft:smooth_stone":1,"minecraft:bucket":11,"minecraft:spruce_planks":307,"minecraft:trial_key":9,"minecraft:iron_pickaxe":5,"minecraft:enchanted_golden_apple":1,"minecraft:iron_boots":6,"minecraft:furnace":6,"minecraft:tipped_arrow":18,"minecraft:stick":136,"minecraft:composter":1,"minecraft:torch":28,"minecraft:porkchop":14,"minecraft:pointed_dripstone":3,"minecraft:diorite":2,"minecraft:stone_sword":1,"minecraft:honey_bottle":2,"minecraft:rotten_flesh":134,"minecraft:cobblestone":506,"minecraft:feather":10,"minecraft:water_bucket":4,"minecraft:black_bed":1,"minecraft:flint":2,"minecraft:tuff":1,"minecraft:silence_armor_trim_smithing_template":1,"minecraft:lapis_lazuli":179,"minecraft:dirt":100,"minecraft:disc_fragment_5":4,"minecraft:bone":91,"minecraft:bow":7,"minecraft:wheat_seeds":212,"minecraft:raw_gold":46,"minecraft:guster_banner_pattern":1,"minecraft:fletching_table":7,"minecraft:oak_planks":9,"minecraft:scrape_pottery_sherd":2,"minecraft:music_disc_13":2,"minecraft:sand":266,"minecraft:ink_sac":58,"minecraft:grass_block":1,"minecraft:diamond":86,"minecraft:spruce_boat":10,"minecraft:breeze_rod":4,"minecraft:crossbow":4,"minecraft:granite":1,"minecraft:bone_meal":3,"minecraft:golden_apple":1,"minecraft:emerald":33,"minecraft:bread":182,"minecraft:oak_sapling":13,"minecraft:diamond_pickaxe":2,"minecraft:crafting_table":9,"minecraft:chicken":10,"minecraft:gold_block":2,"minecraft:shield":8,"minecraft:brick":282,"minecraft:wind_charge":6,"minecraft:wooden_sword":1,"minecraft:iron_axe":8,"minecraft:iron_shovel":2,"minecraft:echo_shard":3,"minecraft:music_disc_otherside":2,"minecraft:beef":2,"minecraft:oak_boat":1,"minecraft:poppy":14,"minecraft:iron_nugget":56,"minecraft:sugar_cane":23,"minecraft:chest":7,"minecraft:diamond_hoe":4,"minecraft:phantom_membrane":6,"minecraft:egg":13,"minecraft:raw_iron":253,"minecraft:spruce_fence":23,"minecraft:fire_charge":5,"minecraft:flow_pottery_sherd":1,"minecraft:cookie":327,"minecraft:carrot":43,"minecraft:redstone":110,"minecraft:arrow":217,"minecraft:diamond_chestplate":3,"minecraft:pumpkin_pie":24,"minecraft:shears":1,"minecraft:tuff_bricks":6,"minecraft:mutton":16,"minecraft:white_wool":3,"minecraft:glow_ink_sac":2,"minecraft:salmon":66,"minecraft:leather":12,"minecraft:fern":3,"minecraft:oak_log":77,"minecraft:waxed_copper_block":1,"minecraft:gunpowder":41,"minecraft:paper":4,"minecraft:apple":81,"minecraft:iron_ingot":14,"minecraft:stone_pickaxe":1,"minecraft:cooked_chicken":2,"minecraft:iron_sword":4,"minecraft:book":8,"minecraft:emerald_block":1,"minecraft:sweet_berries":11,"minecraft:sculk":52,"minecraft:raw_iron_block":1,"minecraft:gravel":25,"minecraft:amethyst_shard":11,"minecraft:spruce_sapling":104,"minecraft:white_bed":4,"minecraft:spruce_log":840,"minecraft:polished_tuff":1,"minecraft:spider_eye":47,"minecraft:spruce_door":10,"minecraft:slime_ball":8,"minecraft:stone_axe":2,"minecraft:short_grass":238,"minecraft:iron_helmet":4,"minecraft:gray_wool":138,"minecraft:baked_potato":16,"minecraft:black_wool":309,"minecraft:coal":343,"minecraft:ender_pearl":11},"minecraft:broken":{"minecraft:shears":1,"minecraft:iron_boots":1,"minecraft:iron_chestplate":1,"minecraft:iron_leggings":1,"minecraft:iron_sword":1,"minecraft:shield":1,"minecraft:iron_axe":3,"minecraft:iron_helmet":1},"minecraft:used":{"minecraft:beetroot":1,"minecraft:iron_shovel":251,"minecraft:diamond_hoe":22,"minecraft:spruce_slab":3,"minecraft:poppy":1,"minecraft:chest":15,"minecraft:shield":133,"minecraft:iron_sword":695,"minecraft:rotten_flesh":11,"minecraft:carrot":21,"minecraft:obsidian":3,"minecraft:spruce_boat":7,"minecraft:lava_bucket":1,"minecraft:bow":54,"minecraft:furnace":12,"minecraft:oak_sapling":18,"minecraft:egg":2,"minecraft:short_grass":219,"minecraft:spruce_door":6,"minecraft:stone_pickaxe":65,"minecraft:wooden_pickaxe":3,"minecraft:sugar_cane":11,"minecraft:cookie":224,"minecraft:crossbow":127,"minecraft:black_bed":2,"minecraft:shears":212,"minecraft:bread":96,"minecraft:gravel":2,"minecraft:diamond_sword":433,"minecraft:wooden_sword":15,"minecraft:oak_boat":1,"minecraft:bone_meal":114,"minecraft:stone_sword":9,"minecraft:spruce_planks":18,"minecraft:cooked_salmon":21,"minecraft:cooked_chicken":3,"minecraft:trial_key":6,"minecraft:torch":193,"minecraft:dirt":50,"minecraft:golden_shovel":12,"minecraft:granite":1,"minecraft:spruce_fence":33,"minecraft:fern":3,"minecraft:iron_axe":1245,"minecraft:diamond_chestplate":2,"minecraft:cobbled_deepslate":33,"minecraft:iron_leggings":1,"minecraft:wheat_seeds":77,"minecraft:water_bucket":41,"minecraft:fletching_table":8,"minecraft:crafting_table":11,"minecraft:white_bed":4,"minecraft:spruce_log":95,"minecraft:smoker":1,"minecraft:diamond_pickaxe":715,"minecraft:suspicious_stew":1,"minecraft:iron_pickaxe":380,"minecraft:spruce_sapling":80,"minecraft:stone_axe":19,"minecraft:cobblestone":242,"minecraft:bucket":61,"minecraft:pumpkin_pie":10,"minecraft:gray_wool":44,"minecraft:diamond_leggings":1},"minecraft:crafted":{"minecraft:brick":360,"minecraft:black_dye":3,"minecraft:oak_planks":252,"minecraft:barrel":9,"minecraft:cooked_chicken":3,"minecraft:glass":126,"minecraft:diamond_helmet":2,"minecraft:diamond_leggings":1,"minecraft:bow":1,"minecraft:chest":9,"minecraft:bricks":106,"minecraft:smoker":1,"minecraft:emerald":16,"minecraft:crafting_table":8,"minecraft:spruce_planks":588,"minecraft:wooden_pickaxe":1,"minecraft:spruce_door":6,"minecraft:fletching_table":1,"minecraft:campfire":32,"minecraft:spruce_trapdoor":84,"minecraft:iron_chestplate":2,"minecraft:diamond_pickaxe":1,"minecraft:shield":2,"minecraft:stick":848,"minecraft:iron_ingot":104,"minecraft:iron_pickaxe":2,"minecraft:gold_ingot":12,"minecraft:black_bed":2,"minecraft:spruce_fence_gate":6,"minecraft:shears":2,"minecraft:wooden_sword":1,"minecraft:raw_iron":9,"minecraft:iron_nugget":9,"minecraft:furnace":11,"minecraft:bone_meal":114,"minecraft:spruce_fence":24,"minecraft:glass_pane":48,"minecraft:lantern":6,"minecraft:iron_axe":3,"minecraft:spruce_slab":24,"minecraft:stone_pickaxe":1,"minecraft:diamond_boots":2,"minecraft:spruce_boat":2,"minecraft:diamond_sword":1,"minecraft:iron_sword":3,"minecraft:cooked_salmon":2,"minecraft:bucket":8,"minecraft:air":0,"minecraft:iron_shovel":2,"minecraft:torch":220,"minecraft:diamond_chestplate":3},"minecraft:dropped":{"minecraft:iron_sword":2,"minecraft:oak_log":16,"minecraft:black_bed":1,"minecraft:dirt":27,"minecraft:scrape_pottery_sherd":1,"minecraft:iron_pickaxe":4,"minecraft:white_wool":1,"minecraft:gravel":23,"minecraft:pointed_dripstone":3,"minecraft:rotten_flesh":23,"minecraft:oak_planks":4,"minecraft:wind_charge":4,"minecraft:poppy":13,"minecraft:gunpowder":4,"minecraft:egg":5,"minecraft:black_dye":3,"minecraft:wheat_seeds":22,"minecraft:feather":5,"minecraft:cobblestone":79,"minecraft:coal":65,"minecraft:stick":2,"minecraft:lava_bucket":3,"minecraft:gray_wool":17,"minecraft:diorite":2,"minecraft:ink_sac":55,"minecraft:smooth_stone":1,"minecraft:iron_shovel":1,"minecraft:string":8,"minecraft:music_disc_cat":1,"minecraft:spruce_sapling":5,"minecraft:stone_sword":1,"minecraft:tuff":1,"minecraft:spruce_fence":11,"minecraft:shield":1,"minecraft:trial_key":3,"minecraft:diamond_chestplate":1,"minecraft:spruce_planks":3,"minecraft:iron_chestplate":1,"minecraft:spider_eye":1,"minecraft:spruce_log":172,"minecraft:bow":1,"minecraft:black_wool":58}},"DataVersion":3953}