{"stats":{"minecraft:broken":{"minecraft:shears":1,"minecraft:iron_boots":1,"minecraft:iron_chestplate":1,"minecraft:iron_leggings":1,"minecraft:iron_sword":1,"minecraft:shield":1,"minecraft:iron_axe":3,"minecraft:iron_helmet":1},"minecraft:killed":{"minecraft:spider":64,"minecraft:skeleton":79,"minecraft:chicken":8,"minecraft:skeleton_horse":3,"minecraft:pig":23,"minecraft:zombie_villager":3,"minecraft:salmon":157,"minecraft:creeper":40,"minecraft:sheep":13,"minecraft:trader_llama":3,"minecraft:pillager":4,"minecraft:zombie":123,"minecraft:stray":6,"minecraft:cow":15,"minecraft:slime":14,"minecraft:phantom":3,"minecraft:horse":10,"minecraft:drowned":18,"minecraft:squid":33,"minecraft:breeze":3,"minecraft:enderman":10},"minecraft:killed_by":{"minecraft:creeper":2,"minecraft:zombie":2,"minecraft:skeleton":4},"minecraft:mined":{"minecraft:spruce_planks":1,"minecraft:white_bed":4,"minecraft:oak_sapling":8,"minecraft:sculk_vein":3,"minecraft:obsidian":1,"minecraft:spruce_trapdoor":5,"minecraft:granite":1,"minecraft:grass_block":48,"minecraft:tuff_bricks":4,"minecraft:raw_iron_block":1,"minecraft:cobbled_deepslate":19,"minecraft:iron_ore":128,"minecraft:fire":2,"minecraft:fletching_table":10,"minecraft:deepslate_lapis_ore":9,"minecraft:pointed_dripstone":2,"minecraft:dirt_path":1,"minecraft:deepslate_redstone_ore":11,"minecraft:smoker":1,"minecraft:powder_snow":24,"minecraft:torch":14,"minecraft:poppy":12,"minecraft:chest":3,"minecraft:cobblestone":71,"minecraft:sugar_cane":181,"minecraft:wall_torch":2,"minecraft:seagrass":1,"minecraft:wheat":107,"minecraft:waxed_copper_block":1,"minecraft:oak_log":77,"minecraft:sand":251,"minecraft:dirt":28,"minecraft:oak_leaves":64,"minecraft:deepslate":114,"minecraft:tuff":46,"minecraft:mossy_cobblestone":2,"minecraft:deepslate_diamond_ore":60,"minecraft:glow_lichen":1,"minecraft:spruce_fence":17,"minecraft:decorated_pot":7,"minecraft:spruce_leaves":482,"minecraft:large_fern":8,"minecraft:spruce_sapling":1,"minecraft:furnace":7,"minecraft:carrots":14,"minecraft:andesite":1,"minecraft:gold_block":1,"minecraft:deepslate_iron_ore":81,"minecraft:stone":364,"minecraft:dandelion":1,"minecraft:spruce_door":6,"minecraft:crafting_table":6,"minecraft:short_grass":396,"minecraft:emerald_ore":8,"minecraft:lectern":4,"minecraft:tall_grass":45,"minecraft:deepslate_gold_ore":30,"minecraft:lapis_ore":13,"minecraft:sculk":1,"minecraft:diorite":1,"minecraft:spruce_stairs":1,"minecraft:gray_wool":52,"minecraft:spruce_log":1329,"minecraft:birch_leaves":11,"minecraft:white_wall_banner":1,"minecraft:coal_ore":216,"minecraft:gravel":42,"minecraft:cobweb":24,"minecraft:gold_ore":4,"minecraft:fern":7},"minecraft:dropped":{"minecraft:iron_sword":2,"minecraft:short_grass":6,"minecraft:oak_log":16,"minecraft:black_bed":1,"minecraft:dirt":27,"minecraft:scrape_pottery_sherd":1,"minecraft:iron_pickaxe":4,"minecraft:white_wool":1,"minecraft:gravel":23,"minecraft:obsidian":2,"minecraft:pointed_dripstone":3,"minecraft:rotten_flesh":23,"minecraft:oak_planks":4,"minecraft:wind_charge":4,"minecraft:poppy":13,"minecraft:gunpowder":4,"minecraft:egg":6,"minecraft:black_dye":3,"minecraft:wheat_seeds":45,"minecraft:feather":5,"minecraft:cobblestone":79,"minecraft:coal":65,"minecraft:stick":2,"minecraft:lava_bucket":3,"minecraft:gray_wool":18,"minecraft:diorite":2,"minecraft:ink_sac":55,"minecraft:cooked_salmon":24,"minecraft:smooth_stone":1,"minecraft:iron_shovel":1,"minecraft:string":8,"minecraft:music_disc_cat":1,"minecraft:spruce_sapling":5,"minecraft:stone_sword":1,"minecraft:tuff":1,"minecraft:spruce_fence":11,"minecraft:diamond_sword":2,"minecraft:shield":1,"minecraft:trial_key":3,"minecraft:diamond_chestplate":1,"minecraft:spruce_planks":3,"minecraft:iron_chestplate":1,"minecraft:spider_eye":1,"minecraft:spruce_log":172,"minecraft:bow":2,"minecraft:black_wool":58},"minecraft:used":{"minecraft:beetroot":1,"minecraft:iron_shovel":251,"minecraft:diamond_hoe":87,"minecraft:spruce_slab":11,"minecraft:poppy":3,"minecraft:chest":17,"minecraft:shield":175,"minecraft:iron_sword":695,"minecraft:rotten_flesh":11,"minecraft:carrot":21,"minecraft:obsidian":3,"minecraft:spruce_boat":10,"minecraft:lava_bucket":3,"minecraft:bow":54,"minecraft:scaffolding":1,"minecraft:furnace":14,"minecraft:oak_sapling":18,"minecraft:egg":2,"minecraft:short_grass":219,"minecraft:spruce_door":6,"minecraft:gray_carpet":3,"minecraft:stone_pickaxe":65,"minecraft:wooden_pickaxe":3,"minecraft:diamond_axe":597,"minecraft:sugar_cane":35,"minecraft:cookie":224,"minecraft:crossbow":169,"minecraft:black_bed":2,"minecraft:shears":218,"minecraft:bread":99,"minecraft:lectern":4,"minecraft:gravel":17,"minecraft:diamond_sword":825,"minecraft:wooden_sword":15,"minecraft:oak_boat":1,"minecraft:bone_meal":161,"minecraft:stone_sword":9,"minecraft:spruce_planks":18,"minecraft:cooked_salmon":60,"minecraft:cooked_chicken":3,"minecraft:trial_key":6,"minecraft:torch":231,"minecraft:dirt":74,"minecraft:golden_shovel":12,"minecraft:granite":1,"minecraft:spruce_fence":51,"minecraft:fern":3,"minecraft:iron_axe":1245,"minecraft:diamond_chestplate":2,"minecraft:cobbled_deepslate":33,"minecraft:iron_leggings":1,"minecraft:wheat_seeds":175,"minecraft:water_bucket":65,"minecraft:fletching_table":13,"minecraft:crafting_table":15,"minecraft:white_bed":4,"minecraft:spruce_log":102,"minecraft:smoker":3,"minecraft:diamond_pickaxe":764,"minecraft:suspicious_stew":1,"minecraft:iron_pickaxe":380,"minecraft:spruce_trapdoor":5,"minecraft:spruce_sapling":116,"minecraft:stone_axe":19,"minecraft:cobblestone":265,"minecraft:white_banner":2,"minecraft:bucket":92,"minecraft:pumpkin_pie":10,"minecraft:gray_wool":44,"minecraft:diamond_leggings":1},"minecraft:crafted":{"minecraft:brick":360,"minecraft:black_dye":3,"minecraft:oak_planks":252,"minecraft:barrel":9,"minecraft:cooked_chicken":3,"minecraft:bookshelf":1,"minecraft:glass":126,"minecraft:diamond_helmet":2,"minecraft:diamond_leggings":1,"minecraft:bow":1,"minecraft:chest":11,"minecraft:bricks":106,"minecraft:smoker":2,"minecraft:emerald":132,"minecraft:diamond_axe":1,"minecraft:crafting_table":11,"minecraft:spruce_planks":2484,"minecraft:wooden_pickaxe":1,"minecraft:spruce_door":6,"minecraft:fletching_table":3,"minecraft:campfire":32,"minecraft:spruce_trapdoor":84,"minecraft:lectern":1,"minecraft:book":27,"minecraft:iron_chestplate":2,"minecraft:paper":150,"minecraft:diamond_pickaxe":1,"minecraft:shield":4,"minecraft:stick":4484,"minecraft:iron_ingot":227,"minecraft:iron_pickaxe":2,"minecraft:gold_ingot":34,"minecraft:black_bed":2,"minecraft:gray_carpet":3,"minecraft:spruce_fence_gate":6,"minecraft:shears":2,"minecraft:wooden_sword":1,"minecraft:raw_iron":9,"minecraft:iron_nugget":9,"minecraft:diamond_hoe":1,"minecraft:furnace":13,"minecraft:bone_meal":159,"minecraft:spruce_fence":42,"minecraft:glass_pane":48,"minecraft:lantern":6,"minecraft:iron_axe":3,"minecraft:spruce_slab":36,"minecraft:stone_pickaxe":1,"minecraft:diamond_boots":2,"minecraft:spruce_boat":2,"minecraft:diamond_sword":1,"minecraft:iron_sword":3,"minecraft:cooked_salmon":57,"minecraft:bucket":8,"minecraft:bread":3,"minecraft:air":0,"minecraft:iron_shovel":2,"minecraft:torch":236,"minecraft:diamond_chestplate":3},"minecraft:custom":{"minecraft:animals_bred":17,"minecraft:interact_with_crafting_table":142,"minecraft:open_barrel":12,"minecraft:leave_game":16,"minecraft:time_since_death":459069,"minecraft:sprint_one_cm":1871248,"minecraft:damage_blocked_by_shield":7757,"minecraft:drop":105,"minecraft:talked_to_villager":79,"minecraft:play_time":1042988,"minecraft:deaths":10,"minecraft:jump":15246,"minecraft:walk_on_water_one_cm":189381,"minecraft:interact_with_furnace":268,"minecraft:traded_with_villager":132,"minecraft:sleep_in_bed":21,"minecraft:damage_dealt":72677,"minecraft:player_kills":1,"minecraft:crouch_one_cm":135513,"minecraft:interact_with_smoker":13,"minecraft:use_cauldron":8,"minecraft:inspect_dispenser":5,"minecraft:horse_one_cm":177905,"minecraft:mob_kills":641,"minecraft:fill_cauldron":1,"minecraft:climb_one_cm":9357,"minecraft:walk_one_cm":3404543,"minecraft:sneak_time":40096,"minecraft:walk_under_water_one_cm":387006,"minecraft:boat_one_cm":14857,"minecraft:interact_with_blast_furnace":3,"minecraft:total_world_time":1042988,"minecraft:interact_with_stonecutter":1,"minecraft:time_since_rest":8983,"minecraft:damage_taken":12881,"minecraft:swim_one_cm":556253,"minecraft:fly_one_cm":2137177,"minecraft:open_chest":519,"minecraft:fall_one_cm":377138},"minecraft:picked_up":{"minecraft:iron_chestplate":2,"minecraft:wheat":112,"minecraft:suspicious_stew":1,"minecraft:lead":16,"minecraft:diamond_sword":4,"minecraft:potion":6,"minecraft:enchanted_book":8,"minecraft:golden_shovel":1,"minecraft:music_disc_cat":1,"minecraft:string":151,"minecraft:cooked_salmon":41,"minecraft:iron_leggings":4,"minecraft:experience_bottle":2,"minecraft:beetroot":1,"minecraft:diamond_leggings":1,"minecraft:cobbled_deepslate":137,"minecraft:smooth_stone":1,"minecraft:bucket":11,"minecraft:spruce_planks":307,"minecraft:trial_key":9,"minecraft:iron_pickaxe":5,"minecraft:enchanted_golden_apple":1,"minecraft:iron_boots":6,"minecraft:furnace":7,"minecraft:tipped_arrow":18,"minecraft:stick":181,"minecraft:composter":1,"minecraft:torch":37,"minecraft:spruce_stairs":1,"minecraft:porkchop":58,"minecraft:pointed_dripstone":3,"minecraft:diorite":2,"minecraft:stone_sword":1,"minecraft:honey_bottle":2,"minecraft:rotten_flesh":165,"minecraft:obsidian":3,"minecraft:snowball":16,"minecraft:cobblestone":539,"minecraft:feather":10,"minecraft:water_bucket":4,"minecraft:black_bed":1,"minecraft:smoker":1,"minecraft:flint":6,"minecraft:tuff":1,"minecraft:silence_armor_trim_smithing_template":1,"minecraft:lapis_lazuli":179,"minecraft:dirt":146,"minecraft:disc_fragment_5":4,"minecraft:bone":104,"minecraft:bow":9,"minecraft:wheat_seeds":343,"minecraft:raw_gold":46,"minecraft:guster_banner_pattern":1,"minecraft:fletching_table":10,"minecraft:scrape_pottery_sherd":2,"minecraft:oak_planks":9,"minecraft:music_disc_13":2,"minecraft:sand":266,"minecraft:ink_sac":58,"minecraft:grass_block":1,"minecraft:mossy_cobblestone":2,"minecraft:diamond":86,"minecraft:spruce_boat":13,"minecraft:breeze_rod":4,"minecraft:crossbow":4,"minecraft:granite":1,"minecraft:bone_meal":9,"minecraft:golden_apple":1,"minecraft:emerald":33,"minecraft:bread":182,"minecraft:oak_sapling":13,"minecraft:diamond_pickaxe":2,"minecraft:crafting_table":11,"minecraft:ominous_bottle":1,"minecraft:chicken":12,"minecraft:gold_block":2,"minecraft:shield":8,"minecraft:brick":282,"minecraft:wind_charge":6,"minecraft:wooden_sword":1,"minecraft:iron_axe":8,"minecraft:iron_shovel":2,"minecraft:echo_shard":3,"minecraft:music_disc_otherside":2,"minecraft:beef":29,"minecraft:oak_boat":1,"minecraft:poppy":16,"minecraft:iron_nugget":56,"minecraft:lectern":4,"minecraft:sugar_cane":230,"minecraft:chest":7,"minecraft:spruce_trapdoor":5,"minecraft:diamond_hoe":4,"minecraft:phantom_membrane":6,"minecraft:egg":15,"minecraft:raw_iron":257,"minecraft:spruce_fence":23,"minecraft:fire_charge":5,"minecraft:flow_pottery_sherd":1,"minecraft:cookie":327,"minecraft:carrot":43,"minecraft:redstone":110,"minecraft:arrow":232,"minecraft:diamond_chestplate":3,"minecraft:pumpkin_pie":24,"minecraft:shears":1,"minecraft:tuff_bricks":6,"minecraft:mutton":29,"minecraft:white_wool":13,"minecraft:glow_ink_sac":2,"minecraft:salmon":153,"minecraft:leather":39,"minecraft:fern":3,"minecraft:oak_log":77,"minecraft:waxed_copper_block":1,"minecraft:gunpowder":44,"minecraft:paper":4,"minecraft:white_banner":2,"minecraft:apple":81,"minecraft:iron_ingot":14,"minecraft:stone_pickaxe":1,"minecraft:cooked_chicken":2,"minecraft:iron_sword":4,"minecraft:book":8,"minecraft:scaffolding":1,"minecraft:emerald_block":1,"minecraft:sweet_berries":11,"minecraft:sculk":52,"minecraft:raw_iron_block":1,"minecraft:gravel":54,"minecraft:amethyst_shard":11,"minecraft:spruce_sapling":149,"minecraft:white_bed":4,"minecraft:spruce_log":1322,"minecraft:polished_tuff":1,"minecraft:spider_eye":48,"minecraft:spruce_door":10,"minecraft:slime_ball":8,"minecraft:stone_axe":2,"minecraft:short_grass":244,"minecraft:iron_helmet":4,"minecraft:gray_wool":141,"minecraft:baked_potato":16,"minecraft:black_wool":309,"minecraft:coal":361,"minecraft:ender_pearl":13}},"DataVersion":3953}