{"stats":{"minecraft:crafted":{"minecraft:oak_planks":124,"minecraft:furnace":3,"minecraft:bone_meal":18,"minecraft:diamond_helmet":2,"minecraft:diamond_leggings":1,"minecraft:iron_axe":1,"minecraft:stone_pickaxe":1,"minecraft:diamond_boots":2,"minecraft:spruce_boat":1,"minecraft:emerald":6,"minecraft:crafting_table":3,"minecraft:spruce_planks":8,"minecraft:wooden_pickaxe":1,"minecraft:iron_sword":2,"minecraft:fletching_table":1,"minecraft:bucket":3,"minecraft:air":0,"minecraft:iron_chestplate":2,"minecraft:shield":1,"minecraft:stick":200,"minecraft:iron_ingot":90,"minecraft:iron_pickaxe":2,"minecraft:torch":8,"minecraft:diamond_chestplate":2},"minecraft:picked_up":{"minecraft:crafting_table":1,"minecraft:iron_chestplate":2,"minecraft:chicken":1,"minecraft:suspicious_stew":1,"minecraft:lead":3,"minecraft:potion":4,"minecraft:gold_block":1,"minecraft:enchanted_book":6,"minecraft:golden_shovel":1,"minecraft:shield":4,"minecraft:brick":90,"minecraft:wind_charge":2,"minecraft:music_disc_cat":1,"minecraft:string":58,"minecraft:iron_axe":2,"minecraft:iron_leggings":1,"minecraft:experience_bottle":2,"minecraft:beetroot":1,"minecraft:diamond_leggings":1,"minecraft:cobbled_deepslate":19,"minecraft:bucket":1,"minecraft:music_disc_otherside":1,"minecraft:echo_shard":3,"minecraft:trial_key":9,"minecraft:oak_boat":1,"minecraft:iron_nugget":12,"minecraft:iron_pickaxe":3,"minecraft:chest":1,"minecraft:diamond_hoe":3,"minecraft:iron_boots":2,"minecraft:furnace":6,"minecraft:tipped_arrow":18,"minecraft:stick":9,"minecraft:raw_iron":99,"minecraft:torch":7,"minecraft:fire_charge":5,"minecraft:flow_pottery_sherd":1,"minecraft:cookie":162,"minecraft:stone_sword":1,"minecraft:rotten_flesh":11,"minecraft:arrow":44,"minecraft:honey_bottle":2,"minecraft:pumpkin_pie":24,"minecraft:tuff_bricks":6,"minecraft:cobblestone":123,"minecraft:feather":6,"minecraft:glow_ink_sac":2,"minecraft:water_bucket":4,"minecraft:flint":2,"minecraft:oak_log":45,"minecraft:waxed_copper_block":1,"minecraft:gunpowder":4,"minecraft:lapis_lazuli":4,"minecraft:paper":4,"minecraft:dirt":26,"minecraft:disc_fragment_5":4,"minecraft:bone":31,"minecraft:apple":81,"minecraft:bow":2,"minecraft:wheat_seeds":1,"minecraft:raw_gold":3,"minecraft:cooked_chicken":2,"minecraft:iron_ingot":10,"minecraft:stone_pickaxe":1,"minecraft:guster_banner_pattern":1,"minecraft:fletching_table":7,"minecraft:iron_sword":2,"minecraft:oak_planks":9,"minecraft:scrape_pottery_sherd":2,"minecraft:book":8,"minecraft:emerald_block":1,"minecraft:music_disc_13":1,"minecraft:sculk":26,"minecraft:gravel":2,"minecraft:amethyst_shard":11,"minecraft:white_bed":4,"minecraft:spruce_log":10,"minecraft:polished_tuff":1,"minecraft:spider_eye":14,"minecraft:slime_ball":8,"minecraft:diamond":58,"minecraft:spruce_boat":2,"minecraft:stone_axe":1,"minecraft:iron_helmet":1,"minecraft:granite":1,"minecraft:breeze_rod":4,"minecraft:golden_apple":1,"minecraft:gray_wool":61,"minecraft:emerald":26,"minecraft:bread":148,"minecraft:baked_potato":16,"minecraft:oak_sapling":5,"minecraft:coal":81},"minecraft:custom":{"minecraft:mob_kills":105,"minecraft:interact_with_crafting_table":29,"minecraft:open_barrel":12,"minecraft:leave_game":5,"minecraft:time_since_death":106293,"minecraft:climb_one_cm":6822,"minecraft:sprint_one_cm":299090,"minecraft:walk_one_cm":587093,"minecraft:damage_blocked_by_shield":882,"minecraft:drop":29,"minecraft:talked_to_villager":17,"minecraft:play_time":215885,"minecraft:sneak_time":35174,"minecraft:deaths":3,"minecraft:walk_under_water_one_cm":34530,"minecraft:boat_one_cm":3239,"minecraft:jump":2749,"minecraft:walk_on_water_one_cm":26558,"minecraft:total_world_time":215885,"minecraft:interact_with_furnace":94,"minecraft:traded_with_villager":6,"minecraft:sleep_in_bed":4,"minecraft:time_since_rest":13407,"minecraft:damage_taken":3645,"minecraft:damage_dealt":16070,"minecraft:swim_one_cm":43772,"minecraft:fly_one_cm":324947,"minecraft:open_chest":115,"minecraft:crouch_one_cm":124715,"minecraft:fall_one_cm":93885,"minecraft:inspect_dispenser":5},"minecraft:mined":{"minecraft:white_bed":4,"minecraft:deepslate_diamond_ore":32,"minecraft:sculk_vein":3,"minecraft:glow_lichen":1,"minecraft:granite":1,"minecraft:grass_block":7,"minecraft:decorated_pot":7,"minecraft:spruce_leaves":4,"minecraft:tuff_bricks":4,"minecraft:furnace":6,"minecraft:iron_ore":60,"minecraft:fire":2,"minecraft:fletching_table":7,"minecraft:gold_block":1,"minecraft:deepslate_iron_ore":4,"minecraft:dirt_path":1,"minecraft:stone":70,"minecraft:powder_snow":22,"minecraft:crafting_table":1,"minecraft:torch":1,"minecraft:short_grass":2,"minecraft:emerald_ore":3,"minecraft:tall_grass":1,"minecraft:cobblestone":15,"minecraft:lapis_ore":1,"minecraft:deepslate_gold_ore":3,"minecraft:sculk":1,"minecraft:gray_wool":52,"minecraft:spruce_log":5,"minecraft:birch_leaves":5,"minecraft:waxed_copper_block":1,"minecraft:oak_log":45,"minecraft:coal_ore":75,"minecraft:gravel":2,"minecraft:dirt":9,"minecraft:cobweb":24,"minecraft:oak_leaves":43,"minecraft:deepslate":20},"minecraft:killed":{"minecraft:spider":38,"minecraft:slime":14,"minecraft:skeleton":20,"minecraft:zombie_villager":2,"minecraft:creeper":3,"minecraft:zombie":13,"minecraft:stray":6,"minecraft:breeze":3,"minecraft:enderman":1},"minecraft:used":{"minecraft:beetroot":1,"minecraft:stone_sword":9,"minecraft:chest":1,"minecraft:shield":26,"minecraft:iron_sword":391,"minecraft:trial_key":6,"minecraft:torch":3,"minecraft:dirt":4,"minecraft:golden_shovel":12,"minecraft:granite":1,"minecraft:obsidian":3,"minecraft:spruce_boat":2,"minecraft:iron_axe":98,"minecraft:diamond_chestplate":1,"minecraft:bow":8,"minecraft:oak_sapling":8,"minecraft:furnace":4,"minecraft:water_bucket":17,"minecraft:stone_pickaxe":65,"minecraft:wooden_pickaxe":3,"minecraft:fletching_table":8,"minecraft:crafting_table":4,"minecraft:white_bed":3,"minecraft:bread":60,"minecraft:iron_pickaxe":239,"minecraft:suspicious_stew":1,"minecraft:gravel":2,"minecraft:cobblestone":79,"minecraft:bucket":17,"minecraft:pumpkin_pie":1,"minecraft:gray_wool":44,"minecraft:diamond_leggings":1},"minecraft:dropped":{"minecraft:iron_sword":1,"minecraft:oak_log":16,"minecraft:feather":4,"minecraft:stick":2,"minecraft:gray_wool":17,"minecraft:scrape_pottery_sherd":1,"minecraft:iron_pickaxe":1,"minecraft:music_disc_cat":1,"minecraft:stone_sword":1,"minecraft:oak_planks":4,"minecraft:shield":1,"minecraft:gunpowder":2,"minecraft:trial_key":3,"minecraft:spruce_planks":3,"minecraft:iron_chestplate":1,"minecraft:spruce_log":3},"minecraft:killed_by":{"minecraft:creeper":1,"minecraft:zombie":1}},"DataVersion":3953}