{"stats":{"minecraft:broken":{"minecraft:iron_boots":1,"minecraft:iron_chestplate":1,"minecraft:iron_leggings":1,"minecraft:iron_sword":1,"minecraft:shield":1,"minecraft:iron_axe":2,"minecraft:iron_helmet":1},"minecraft:mined":{"minecraft:spruce_planks":1,"minecraft:white_bed":4,"minecraft:oak_sapling":8,"minecraft:sculk_vein":3,"minecraft:granite":1,"minecraft:grass_block":22,"minecraft:tuff_bricks":4,"minecraft:iron_ore":71,"minecraft:cobbled_deepslate":19,"minecraft:fire":2,"minecraft:fletching_table":7,"minecraft:deepslate_lapis_ore":4,"minecraft:pointed_dripstone":2,"minecraft:dirt_path":1,"minecraft:deepslate_redstone_ore":7,"minecraft:powder_snow":22,"minecraft:torch":6,"minecraft:poppy":5,"minecraft:chest":3,"minecraft:cobblestone":46,"minecraft:wall_torch":1,"minecraft:wheat":25,"minecraft:waxed_copper_block":1,"minecraft:oak_log":77,"minecraft:sand":123,"minecraft:dirt":22,"minecraft:oak_leaves":64,"minecraft:deepslate":41,"minecraft:deepslate_diamond_ore":50,"minecraft:glow_lichen":1,"minecraft:spruce_fence":6,"minecraft:decorated_pot":7,"minecraft:spruce_leaves":289,"minecraft:large_fern":5,"minecraft:furnace":6,"minecraft:carrots":14,"minecraft:andesite":1,"minecraft:gold_block":1,"minecraft:deepslate_iron_ore":13,"minecraft:stone":192,"minecraft:spruce_door":6,"minecraft:crafting_table":4,"minecraft:short_grass":229,"minecraft:emerald_ore":7,"minecraft:tall_grass":30,"minecraft:lapis_ore":1,"minecraft:deepslate_gold_ore":9,"minecraft:sculk":1,"minecraft:gray_wool":52,"minecraft:spruce_log":690,"minecraft:birch_leaves":11,"minecraft:coal_ore":118,"minecraft:gravel":2,"minecraft:cobweb":24,"minecraft:gold_ore":3,"minecraft:fern":2},"minecraft:killed_by":{"minecraft:creeper":2,"minecraft:zombie":2,"minecraft:skeleton":4},"minecraft:custom":{"minecraft:animals_bred":3,"minecraft:interact_with_crafting_table":73,"minecraft:open_barrel":12,"minecraft:leave_game":10,"minecraft:time_since_death":23833,"minecraft:sprint_one_cm":1068117,"minecraft:damage_blocked_by_shield":4314,"minecraft:drop":71,"minecraft:talked_to_villager":31,"minecraft:play_time":607752,"minecraft:deaths":10,"minecraft:jump":8040,"minecraft:walk_on_water_one_cm":93028,"minecraft:interact_with_furnace":150,"minecraft:traded_with_villager":16,"minecraft:sleep_in_bed":10,"minecraft:damage_dealt":38522,"minecraft:player_kills":1,"minecraft:crouch_one_cm":129089,"minecraft:use_cauldron":2,"minecraft:inspect_dispenser":5,"minecraft:horse_one_cm":177905,"minecraft:mob_kills":291,"minecraft:fill_cauldron":1,"minecraft:climb_one_cm":7480,"minecraft:walk_one_cm":1826675,"minecraft:sneak_time":37324,"minecraft:walk_under_water_one_cm":154801,"minecraft:boat_one_cm":13983,"minecraft:interact_with_blast_furnace":2,"minecraft:total_world_time":607752,"minecraft:time_since_rest":24008,"minecraft:damage_taken":9936,"minecraft:swim_one_cm":291842,"minecraft:fly_one_cm":1081696,"minecraft:open_chest":288,"minecraft:fall_one_cm":219166},"minecraft:used":{"minecraft:beetroot":1,"minecraft:iron_shovel":95,"minecraft:diamond_hoe":22,"minecraft:spruce_slab":3,"minecraft:poppy":1,"minecraft:chest":13,"minecraft:shield":93,"minecraft:iron_sword":695,"minecraft:rotten_flesh":1,"minecraft:carrot":21,"minecraft:obsidian":3,"minecraft:spruce_boat":6,"minecraft:lava_bucket":1,"minecraft:bow":54,"minecraft:furnace":12,"minecraft:oak_sapling":18,"minecraft:egg":2,"minecraft:short_grass":75,"minecraft:spruce_door":6,"minecraft:stone_pickaxe":65,"minecraft:wooden_pickaxe":3,"minecraft:cookie":224,"minecraft:crossbow":92,"minecraft:black_bed":1,"minecraft:shears":81,"minecraft:bread":96,"minecraft:gravel":2,"minecraft:diamond_sword":161,"minecraft:wooden_sword":15,"minecraft:oak_boat":1,"minecraft:bone_meal":114,"minecraft:stone_sword":9,"minecraft:spruce_planks":18,"minecraft:cooked_salmon":1,"minecraft:trial_key":6,"minecraft:torch":55,"minecraft:dirt":36,"minecraft:golden_shovel":12,"minecraft:spruce_fence":12,"minecraft:granite":1,"minecraft:iron_axe":1052,"minecraft:diamond_chestplate":2,"minecraft:cobbled_deepslate":33,"minecraft:iron_leggings":1,"minecraft:wheat_seeds":44,"minecraft:water_bucket":35,"minecraft:fletching_table":8,"minecraft:crafting_table":11,"minecraft:white_bed":4,"minecraft:spruce_log":58,"minecraft:diamond_pickaxe":164,"minecraft:suspicious_stew":1,"minecraft:iron_pickaxe":380,"minecraft:spruce_sapling":68,"minecraft:stone_axe":19,"minecraft:cobblestone":158,"minecraft:bucket":49,"minecraft:pumpkin_pie":10,"minecraft:gray_wool":44,"minecraft:diamond_leggings":1},"minecraft:dropped":{"minecraft:iron_sword":2,"minecraft:oak_log":16,"minecraft:black_bed":1,"minecraft:dirt":20,"minecraft:scrape_pottery_sherd":1,"minecraft:iron_pickaxe":4,"minecraft:white_wool":1,"minecraft:pointed_dripstone":2,"minecraft:oak_planks":4,"minecraft:wind_charge":4,"minecraft:poppy":8,"minecraft:gunpowder":2,"minecraft:egg":5,"minecraft:black_dye":3,"minecraft:wheat_seeds":22,"minecraft:cobblestone":3,"minecraft:feather":4,"minecraft:stick":2,"minecraft:lava_bucket":3,"minecraft:gray_wool":17,"minecraft:ink_sac":55,"minecraft:string":4,"minecraft:music_disc_cat":1,"minecraft:spruce_sapling":5,"minecraft:stone_sword":1,"minecraft:spruce_fence":3,"minecraft:shield":1,"minecraft:trial_key":3,"minecraft:diamond_chestplate":1,"minecraft:spruce_planks":3,"minecraft:iron_chestplate":1,"minecraft:spider_eye":1,"minecraft:spruce_log":172,"minecraft:bow":1},"minecraft:crafted":{"minecraft:brick":360,"minecraft:black_dye":3,"minecraft:oak_planks":252,"minecraft:barrel":9,"minecraft:diamond_helmet":2,"minecraft:diamond_leggings":1,"minecraft:bow":1,"minecraft:chest":7,"minecraft:bricks":106,"minecraft:emerald":16,"minecraft:crafting_table":8,"minecraft:spruce_planks":524,"minecraft:wooden_pickaxe":1,"minecraft:spruce_door":6,"minecraft:fletching_table":1,"minecraft:spruce_trapdoor":84,"minecraft:iron_chestplate":2,"minecraft:diamond_pickaxe":1,"minecraft:shield":2,"minecraft:stick":708,"minecraft:iron_pickaxe":2,"minecraft:iron_ingot":95,"minecraft:black_bed":2,"minecraft:spruce_fence_gate":6,"minecraft:shears":1,"minecraft:wooden_sword":1,"minecraft:furnace":11,"minecraft:bone_meal":114,"minecraft:spruce_fence":9,"minecraft:iron_axe":2,"minecraft:spruce_slab":24,"minecraft:stone_pickaxe":1,"minecraft:diamond_boots":2,"minecraft:spruce_boat":2,"minecraft:diamond_sword":1,"minecraft:iron_sword":3,"minecraft:cooked_salmon":2,"minecraft:bucket":4,"minecraft:air":0,"minecraft:iron_shovel":1,"minecraft:torch":60,"minecraft:diamond_chestplate":3},"minecraft:picked_up":{"minecraft:iron_chestplate":2,"minecraft:wheat":32,"minecraft:suspicious_stew":1,"minecraft:lead":11,"minecraft:diamond_sword":2,"minecraft:potion":6,"minecraft:enchanted_book":8,"minecraft:golden_shovel":1,"minecraft:music_disc_cat":1,"minecraft:string":139,"minecraft:iron_leggings":4,"minecraft:experience_bottle":2,"minecraft:beetroot":1,"minecraft:diamond_leggings":1,"minecraft:cobbled_deepslate":74,"minecraft:bucket":11,"minecraft:spruce_planks":307,"minecraft:trial_key":9,"minecraft:iron_pickaxe":5,"minecraft:enchanted_golden_apple":1,"minecraft:iron_boots":6,"minecraft:furnace":6,"minecraft:tipped_arrow":18,"minecraft:stick":132,"minecraft:composter":1,"minecraft:torch":27,"minecraft:porkchop":12,"minecraft:pointed_dripstone":2,"minecraft:stone_sword":1,"minecraft:honey_bottle":2,"minecraft:rotten_flesh":113,"minecraft:cobblestone":336,"minecraft:feather":8,"minecraft:water_bucket":4,"minecraft:flint":2,"minecraft:silence_armor_trim_smithing_template":1,"minecraft:lapis_lazuli":60,"minecraft:dirt":83,"minecraft:disc_fragment_5":4,"minecraft:bone":67,"minecraft:bow":7,"minecraft:wheat_seeds":116,"minecraft:raw_gold":24,"minecraft:guster_banner_pattern":1,"minecraft:fletching_table":7,"minecraft:scrape_pottery_sherd":2,"minecraft:oak_planks":9,"minecraft:music_disc_13":2,"minecraft:sand":140,"minecraft:ink_sac":58,"minecraft:grass_block":1,"minecraft:diamond":76,"minecraft:spruce_boat":9,"minecraft:granite":1,"minecraft:crossbow":4,"minecraft:breeze_rod":4,"minecraft:golden_apple":1,"minecraft:bread":182,"minecraft:emerald":32,"minecraft:oak_sapling":13,"minecraft:diamond_pickaxe":2,"minecraft:crafting_table":9,"minecraft:chicken":10,"minecraft:gold_block":2,"minecraft:brick":282,"minecraft:shield":8,"minecraft:wind_charge":6,"minecraft:wooden_sword":1,"minecraft:iron_axe":8,"minecraft:iron_shovel":1,"minecraft:echo_shard":3,"minecraft:music_disc_otherside":2,"minecraft:beef":2,"minecraft:oak_boat":1,"minecraft:poppy":9,"minecraft:iron_nugget":56,"minecraft:chest":7,"minecraft:diamond_hoe":4,"minecraft:phantom_membrane":6,"minecraft:egg":13,"minecraft:raw_iron":133,"minecraft:spruce_fence":12,"minecraft:fire_charge":5,"minecraft:flow_pottery_sherd":1,"minecraft:cookie":327,"minecraft:carrot":43,"minecraft:redstone":90,"minecraft:arrow":191,"minecraft:diamond_chestplate":3,"minecraft:pumpkin_pie":24,"minecraft:shears":1,"minecraft:tuff_bricks":6,"minecraft:mutton":14,"minecraft:white_wool":2,"minecraft:glow_ink_sac":2,"minecraft:salmon":2,"minecraft:leather":12,"minecraft:oak_log":77,"minecraft:waxed_copper_block":1,"minecraft:gunpowder":32,"minecraft:paper":4,"minecraft:apple":81,"minecraft:iron_ingot":14,"minecraft:stone_pickaxe":1,"minecraft:cooked_chicken":2,"minecraft:iron_sword":4,"minecraft:book":8,"minecraft:emerald_block":1,"minecraft:sweet_berries":11,"minecraft:sculk":52,"minecraft:gravel":2,"minecraft:amethyst_shard":11,"minecraft:spruce_sapling":92,"minecraft:white_bed":4,"minecraft:spruce_log":684,"minecraft:spruce_door":10,"minecraft:polished_tuff":1,"minecraft:spider_eye":47,"minecraft:slime_ball":8,"minecraft:stone_axe":2,"minecraft:short_grass":97,"minecraft:iron_helmet":4,"minecraft:gray_wool":61,"minecraft:baked_potato":16,"minecraft:black_wool":139,"minecraft:coal":261,"minecraft:ender_pearl":11},"minecraft:killed":{"minecraft:spider":53,"minecraft:skeleton":41,"minecraft:chicken":6,"minecraft:skeleton_horse":1,"minecraft:pig":4,"minecraft:zombie_villager":3,"minecraft:salmon":3,"minecraft:creeper":25,"minecraft:sheep":2,"minecraft:trader_llama":2,"minecraft:zombie":68,"minecraft:stray":6,"minecraft:cow":1,"minecraft:slime":14,"minecraft:phantom":3,"minecraft:drowned":10,"minecraft:squid":33,"minecraft:breeze":3,"minecraft:enderman":6}},"DataVersion":3953}